batch_number,status,title,template_type,volume,kdi,tier,cluster_capture_potential,proposed_article_title,page_purpose,category
1,not_started,gluten-free desserts,recipe_or_dish,74000.0,22.0,Tier 1,74000.0,Glutenfree Dessert Recipe,seo_target,
1,not_started,pecorino,ingredient_hub,60500.0,24.0,Tier 1,60500.0,Pecorino Recipe,seo_target,
1,not_started,pani puri,ingredient_hub,60500.0,22.0,Tier 1,60500.0,Pani Puri Recipe,seo_target,
1,not_started,pollo asado,ingredient_hub,49500.0,28.0,Tier 1,49500.0,Pollo Asado Recipe,seo_target,
1,not_started,lentils dried,ingredient_hub,40500.0,17.0,Tier 1,40500.0,Lentils Dried Recipe,seo_target,
1,not_started,Pisco,ingredient_hub,40500.0,27.0,Tier 1,40500.0,Pisco Recipe,seo_target,
1,not_started,keju gruyere,ingredient_hub,40500.0,29.0,Tier 1,40500.0,Keju Gruyere Recipe,seo_target,
1,not_started,irish whiskey,ingredient_hub,40500.0,28.0,Tier 1,40500.0,Irish Whiskey Recipe,seo_target,
1,not_started,neapolitan pizza,ingredient_hub,40500.0,27.0,Tier 1,40500.0,Neapolitan Pizza Recipe,seo_target,
1,not_started,spatchcock chicken,ingredient_hub,40500.0,25.0,Tier 1,40500.0,Spatchcock Chicken Recipe,seo_target,
1,not_started,kunafa,ingredient_hub,40500.0,25.0,Tier 1,40500.0,Kunafa Recipe,seo_target,
1,not_started,mirliton,ingredient_hub,40500.0,18.0,Tier 1,40500.0,Mirliton Recipe,seo_target,
1,not_started,quince fruit,ingredient_hub,40500.0,25.0,Tier 1,40500.0,Quince Fruit Recipe,seo_target,
1,not_started,dirty martini,ingredient_hub,40500.0,18.0,Tier 1,40500.0,Dirty Martini Recipe,seo_target,
1,not_started,sake,ingredient_hub,33100.0,21.0,Tier 1,33100.0,Sake Recipe,seo_target,
1,not_started,chocolate milk,ingredient_hub,33100.0,29.0,Tier 1,33100.0,Chocolate Milk Recipe,seo_target,
1,not_started,baleadas,ingredient_hub,33100.0,27.0,Tier 1,33100.0,Baleada Recipe,seo_target,
1,not_started,vegan food,ingredient_hub,33100.0,19.0,Tier 1,33100.0,Vegan Food Recipe,seo_target,
1,not_started,caster sugar,ingredient_hub,33100.0,29.0,Tier 1,33100.0,Caster Sugar Recipe,seo_target,
1,not_started,strawberry daiquiri,ingredient_hub,33100.0,27.0,Tier 1,33100.0,Strawberry Daiquiri Recipe,seo_target,
1,not_started,painkiller drink,ingredient_hub,33100.0,28.0,Tier 1,33100.0,Painkiller Drink Recipe,seo_target,
1,not_started,provolone,ingredient_hub,33100.0,29.0,Tier 1,33100.0,Provolone Recipe,seo_target,
1,not_started,tequila sunrise,ingredient_hub,33100.0,29.0,Tier 1,33100.0,Tequila Sunrise Recipe,seo_target,
1,not_started,Ouzo,ingredient_hub,33100.0,23.0,Tier 1,33100.0,Ouzo Recipe,seo_target,
1,not_started,german pancakes,ingredient_hub,33100.0,20.0,Tier 1,33100.0,German Pancakes Recipe,seo_target,
1,not_started,cup conversion chart,recipe_or_dish,33100.0,21.0,Tier 1,33100.0,Cup Conversion Chart Recipe,seo_target,
1,not_started,Sambuca,ingredient_hub,33100.0,17.0,Tier 1,33100.0,Sambuca Recipe,seo_target,
1,not_started,fernet,ingredient_hub,33100.0,16.0,Tier 1,33100.0,Fernet Recipe,seo_target,
1,not_started,minced garlic,ingredient_hub,33100.0,18.0,Tier 1,33100.0,Minced Garlic Recipe,seo_target,
1,not_started,crudite,ingredient_hub,33100.0,25.0,Tier 1,33100.0,Crudite Recipe,seo_target,
1,not_started,bonito flakes,ingredient_hub,33100.0,27.0,Tier 1,33100.0,Bonito Flake Recipe,seo_target,
1,not_started,croque madame,ingredient_hub,33100.0,25.0,Tier 1,33100.0,Croque Madame Recipe,seo_target,
1,not_started,veal,ingredient_hub,33100.0,29.0,Tier 1,33100.0,Veal Recipe,seo_target,
1,not_started,Grappa,ingredient_hub,33100.0,28.0,Tier 1,33100.0,Grappa Recipe,seo_target,
1,not_started,jerk seasoning,ingredient_hub,33100.0,17.0,Tier 1,33100.0,Jerk Seasoning Recipe,seo_target,
1,not_started,swedish fish,ingredient_hub,33100.0,21.0,Tier 1,33100.0,Swedish Fish Recipe,seo_target,
1,not_started,breve,ingredient_hub,33100.0,14.0,Tier 1,33100.0,Breve Recipe,seo_target,
1,not_started,butterscotch,ingredient_hub,33100.0,29.0,Tier 1,33100.0,Butterscotch Recipe,seo_target,
1,not_started,crumpet crumpet,ingredient_hub,33100.0,29.0,Tier 1,33100.0,Crumpet Crumpet Recipe,seo_target,
1,not_started,hypnotic drink,ingredient_hub,33100.0,18.0,Tier 1,33100.0,Hypnotic Drink Recipe,seo_target,
1,not_started,capellini,ingredient_hub,33100.0,28.0,Tier 1,33100.0,Capellini Recipe,seo_target,
1,not_started,hungarian goulash,ingredient_hub,33100.0,25.0,Tier 1,33100.0,Hungarian Goulash Recipe,seo_target,
1,not_started,basic syrup,ingredient_hub,33100.0,26.0,Tier 1,33100.0,Basic Syrup Recipe,seo_target,
1,not_started,pasta shapes,ingredient_hub,33100.0,28.0,Tier 1,33100.0,pasta shapes,seo_target,allrecipes_mobile_find
1,not_started,pork rinds,ingredient_hub,33100.0,27.0,Tier 1,33100.0,Pork Rind Recipe,seo_target,
1,not_started,olive oil,ingredient_hub,33100.0,29.0,Tier 1,33100.0,Olive Oil Recipe,seo_target,
1,not_started,triple sec,ingredient_hub,33100.0,24.0,Tier 1,33100.0,Triple Sec Recipe,seo_target,
1,not_started,cajeta,ingredient_hub,33100.0,26.0,Tier 1,33100.0,"Cajeta: Uses, Substitutes & Recipes",seo_target,cuisine_specialty
1,not_started,kadayif,ingredient_hub,33100.0,18.0,Tier 1,33100.0,Kadayif Recipe,seo_target,
1,not_started,Blood Sausage,ingredient_hub,27100.0,20.0,Tier 1,27100.0,Blood Sausage Recipe,seo_target,
1,not_started,biscottiamo,ingredient_hub,27100.0,26.0,Tier 1,27100.0,Biscottiamo Recipe,seo_target,
1,not_started,steak temperatures,ingredient_hub,27100.0,25.0,Tier 1,27100.0,Steak Temperature Recipe,seo_target,
1,not_started,truffle butter,ingredient_hub,27100.0,26.0,Tier 1,27100.0,Truffle Butter Recipe,seo_target,
1,not_started,rugelach,ingredient_hub,27100.0,29.0,Tier 1,27100.0,Rugelach Recipe,seo_target,
1,not_started,manchego cheese,ingredient_hub,27100.0,20.0,Tier 1,27100.0,Manchego Cheese Recipe,seo_target,
1,not_started,cheese pizza,ingredient_hub,27100.0,26.0,Tier 1,27100.0,Cheese Pizza Recipe,seo_target,
1,not_started,Wahoo Fish,ingredient_hub,27100.0,23.0,Tier 1,27100.0,Wahoo Fish Recipe,seo_target,
1,not_started,lasagna noodles,ingredient_hub,27100.0,23.0,Tier 1,27100.0,Lasagna Noodles Recipe,seo_target,
1,not_started,sunchoke,ingredient_hub,27100.0,22.0,Tier 1,27100.0,Sunchoke Recipe,seo_target,
1,not_started,chile guajillo,ingredient_hub,27100.0,20.0,Tier 1,27100.0,Chile Guajillo Recipe,seo_target,
1,not_started,caquis fruit,ingredient_hub,27100.0,15.0,Tier 1,27100.0,Caquis Fruit Recipe,seo_target,
1,not_started,Madras Indien,ingredient_hub,27100.0,26.0,Tier 1,27100.0,Madra Indien Recipe,seo_target,
1,not_started,biscotti,ingredient_hub,27100.0,26.0,Tier 1,27100.0,Biscotti Recipe,seo_target,
1,not_started,Yuzu Fruit,ingredient_hub,27100.0,26.0,Tier 1,27100.0,Yuzu Fruit Recipe,seo_target,
1,not_started,cacao cacao,ingredient_hub,27100.0,27.0,Tier 1,27100.0,Cacao Cacao Recipe,seo_target,
1,not_started,sole fish,ingredient_hub,27100.0,28.0,Tier 1,27100.0,Sole Fish Recipe,seo_target,
1,not_started,butter cookies,ingredient_hub,27100.0,28.0,Tier 1,27100.0,butter cookies,seo_target,allrecipes_mobile_find
1,not_started,Pistachio Butter,ingredient_hub,27100.0,21.0,Tier 1,27100.0,Pistachio Butter Recipe,seo_target,
1,not_started,bamboo shoots,ingredient_hub,27100.0,21.0,Tier 1,27100.0,Bamboo Shoot Recipe,seo_target,
1,not_started,capocollo,ingredient_hub,27100.0,29.0,Tier 1,27100.0,Capocollo Recipe,seo_target,
1,not_started,liquid smoke,ingredient_hub,27100.0,19.0,Tier 1,27100.0,"Liquid Smoke: Uses, Substitutes & Recipes",seo_target,cuisine_specialty
1,not_started,kaiser roll,ingredient_hub,27100.0,21.0,Tier 1,27100.0,Kaiser Roll Recipe,seo_target,
1,not_started,Kani Salad,ingredient_hub,27100.0,29.0,Tier 1,27100.0,Kani Salad Recipe,seo_target,
1,not_started,fig newton,ingredient_hub,27100.0,28.0,Tier 1,27100.0,Fig Newton Recipe,seo_target,
1,not_started,rock fish,ingredient_hub,27100.0,27.0,Tier 1,27100.0,Rock Fish Recipe,seo_target,
1,not_started,white beans,ingredient_hub,27100.0,28.0,Tier 1,27100.0,White Beans Recipe,seo_target,
1,not_started,vodka cocktails,ingredient_hub,27100.0,21.0,Tier 1,27100.0,Vodka Cocktail Recipe,seo_target,
1,not_started,margarita mix,ingredient_hub,27100.0,25.0,Tier 1,27100.0,Margarita Mix Recipe,seo_target,
1,not_started,nutella ice cream,recipe_or_dish,27100.0,15.0,Tier 1,27100.0,Nutella Ice Cream Recipe,seo_target,
1,not_started,Winston Soup,ingredient_hub,27100.0,22.0,Tier 1,27100.0,Winston Soup Recipe,seo_target,
1,not_started,Aquavit,ingredient_hub,27100.0,28.0,Tier 1,27100.0,Aquavit Recipe,seo_target,
1,not_started,dairy free ice cream,recipe_or_dish,27100.0,29.0,Tier 1,27100.0,Dairy Free Ice Cream Recipe,seo_target,
1,not_started,gazpacho,ingredient_hub,27100.0,26.0,Tier 1,27100.0,Gazpacho Recipe,seo_target,
1,not_started,kombu,ingredient_hub,27100.0,26.0,Tier 1,27100.0,Kombu Recipe,seo_target,
1,not_started,Cachaca,ingredient_hub,27100.0,22.0,Tier 1,27100.0,Cachaca Recipe,seo_target,
1,not_started,Adobada,ingredient_hub,27100.0,21.0,Tier 1,27100.0,Adobada Recipe,seo_target,
1,not_started,shiso,ingredient_hub,27100.0,29.0,Tier 1,27100.0,Shiso Recipe,seo_target,
1,not_started,rompope,ingredient_hub,27100.0,25.0,Tier 1,27100.0,Rompope Recipe,seo_target,
1,not_started,sweet treats,ingredient_hub,27100.0,22.0,Tier 1,27100.0,Sweet Treat Recipe,seo_target,
1,not_started,adobo sauce,ingredient_hub,27100.0,21.0,Tier 1,27100.0,Adobo Sauce Recipe,seo_target,
1,not_started,indian street food,recipe_or_dish,27100.0,29.0,Tier 1,27100.0,Indian Street Food Recipe,seo_target,
1,not_started,head cheese,ingredient_hub,27100.0,26.0,Tier 1,27100.0,Head Cheese Recipe,seo_target,
1,not_started,chile de arbol,recipe_or_dish,27100.0,20.0,Tier 1,27100.0,Chile De Arbol Recipe,seo_target,
1,not_started,paccheri,ingredient_hub,27100.0,22.0,Tier 1,27100.0,Paccheri Recipe,seo_target,
1,not_started,pine kernels and pine nuts,recipe_or_dish,27100.0,19.0,Tier 1,27100.0,pine kernels and pine nuts,seo_target,allrecipes_mobile_find
1,not_started,gluten free pizza,recipe_or_dish,27100.0,26.0,Tier 1,27100.0,Gluten Free Pizza Recipe,seo_target,
1,not_started,amuse bouche,ingredient_hub,27100.0,29.0,Tier 1,27100.0,Amuse Bouche Recipe,seo_target,
1,not_started,chicken madras,ingredient_hub,27100.0,26.0,Tier 1,27100.0,Chicken Madra Recipe,seo_target,
1,not_started,sushi burrito,ingredient_hub,27100.0,27.0,Tier 1,27100.0,Sushi Burrito Recipe,seo_target,
1,not_started,ground pork recipes,recipe_or_dish,27100.0,24.0,Tier 1,27100.0,Ground Pork Recipe,seo_target,
1,not_started,dirty shirley,ingredient_hub,27100.0,27.0,Tier 1,27100.0,Dirty Shirley Recipe,seo_target,
1,not_started,comfort food,ingredient_hub,27100.0,20.0,Tier 1,27100.0,comfort food,seo_target,keyword_gap_find
1,not_started,sea bass,ingredient_hub,27100.0,13.0,Tier 1,27100.0,Sea Bass Recipe,seo_target,
1,not_started,grape juice,ingredient_hub,27100.0,29.0,Tier 1,27100.0,Grape Juice Recipe,seo_target,
1,not_started,al pastor recipe,recipe_or_dish,27100.0,25.0,Tier 1,27100.0,Al Pastor Recipe,seo_target,
1,not_started,whiting fish,ingredient_hub,27100.0,25.0,Tier 1,27100.0,Whiting Fish Recipe,seo_target,
1,not_started,continental breakfast,ingredient_hub,27100.0,26.0,Tier 1,27100.0,Continental Breakfast Recipe,seo_target,
1,not_started,homemade pancake mix,recipe_or_dish,27100.0,29.0,Tier 1,27100.0,Pancake Mix Recipe,seo_target,
1,not_started,blueberry recall,ingredient_hub,27100.0,25.0,Tier 1,27100.0,blueberry recall,seo_target,brand_news_reactive
1,not_started,beef carpaccio,ingredient_hub,27100.0,25.0,Tier 1,27100.0,Beef Carpaccio Recipe,seo_target,
1,not_started,shoyu ramen,ingredient_hub,27100.0,25.0,Tier 1,27100.0,Shoyu Ramen Recipe,seo_target,
1,not_started,cast iron skillet for searing steak,recipe_or_dish,27100.0,27.0,Tier 1,27100.0,Cast Iron Skillet Searing Steak Recipe,seo_target,
1,not_started,bang bang shrimp,recipe_or_dish,27100.0,24.0,Tier 1,27100.0,Bang Bang Shrimp Recipe,seo_target,
1,not_started,Ikura,ingredient_hub,27100.0,28.0,Tier 1,27100.0,Ikura Recipe,seo_target,
1,not_started,chicago style hot dog,recipe_or_dish,27100.0,24.0,Tier 1,27100.0,Chicago Style Hot Dog Recipe,seo_target,
1,not_started,cacao,ingredient_hub,27100.0,25.0,Tier 1,27100.0,Cacao Recipe,seo_target,
1,not_started,chili seasoning recipe,recipe_or_dish,27100.0,29.0,Tier 1,27100.0,Chili Seasoning Recipe,seo_target,
1,not_started,Polish Food,ingredient_hub,27100.0,21.0,Tier 1,27100.0,Polish Recipes: Our Best Collection,seo_target,
1,not_started,yellow rice,ingredient_hub,27100.0,20.0,Tier 1,27100.0,Yellow Rice Recipe,seo_target,
1,not_started,Loaf with a Chocolate Swirl,recipe_or_dish,27100.0,17.0,Tier 1,27100.0,Loaf Chocolate Swirl Recipe,seo_target,
1,not_started,shrimp tempura roll,recipe_or_dish,27100.0,27.0,Tier 1,27100.0,Shrimp Tempura Roll Recipe,seo_target,
1,not_started,black russian,ingredient_hub,27100.0,26.0,Tier 1,27100.0,Black Russian Recipe,seo_target,
1,not_started,prawns,ingredient_hub,27100.0,25.0,Tier 1,27100.0,Prawn Recipe,seo_target,
1,not_started,gazpachada,ingredient_hub,27100.0,26.0,Tier 1,27100.0,Gazpachada Recipe,seo_target,
1,not_started,Skyr,ingredient_hub,27100.0,22.0,Tier 1,27100.0,Skyr Recipe,seo_target,
1,not_started,lactation cookies,ingredient_hub,27100.0,22.0,Tier 1,27100.0,Lactation Cookies Recipe,seo_target,
1,not_started,cowboy candy,ingredient_hub,27100.0,27.0,Tier 1,27100.0,Cowboy Candy Recipe,seo_target,
1,not_started,roast chicken recipe,recipe_or_dish,27100.0,29.0,Tier 1,27100.0,Roast Chicken Recipe,seo_target,
1,not_started,peach schnapps,ingredient_hub,27100.0,21.0,Tier 1,27100.0,Peach Schnapp Recipe,seo_target,
1,not_started,superman ice cream,recipe_or_dish,27100.0,25.0,Tier 1,27100.0,Superman Ice Cream Recipe,seo_target,
1,not_started,arrachera,ingredient_hub,27100.0,26.0,Tier 1,27100.0,Arrachera Recipe,seo_target,
1,not_started,firecracker pop oreos,recipe_or_dish,27100.0,28.0,Tier 1,27100.0,Firecracker Pop Oreos Recipe,seo_target,
1,not_started,someng,ingredient_hub,27100.0,26.0,Tier 1,27100.0,Someng Recipe,seo_target,
1,not_started,peanut sauce recipe,recipe_or_dish,27100.0,28.0,Tier 1,27100.0,Peanut Sauce Recipe,seo_target,
1,not_started,kringle,ingredient_hub,27100.0,28.0,Tier 1,27100.0,Kringle Recipe,seo_target,
1,not_started,summer sausage,ingredient_hub,27100.0,29.0,Tier 1,27100.0,Summer Sausage Recipe,seo_target,
1,not_started,steak fries,ingredient_hub,27100.0,26.0,Tier 1,27100.0,Steak Fries Recipe,seo_target,
1,not_started,salsa mild,ingredient_hub,27100.0,23.0,Tier 1,27100.0,Salsa Mild Recipe,seo_target,
1,not_started,190 c to f,recipe_or_dish,27100.0,28.0,Tier 1,27100.0,190 C F Recipe,seo_target,
1,not_started,Bavette Steak,ingredient_hub,27100.0,20.0,Tier 1,27100.0,Bavette Steak Recipe,seo_target,
1,not_started,internal temperature of a pork,recipe_or_dish,27100.0,29.0,Tier 1,27100.0,Internal Temperature Pork Recipe,seo_target,
1,not_started,liqueurs triple sec,recipe_or_dish,27100.0,17.0,Tier 1,27100.0,Liqueur Triple Sec Recipe,seo_target,
1,not_started,white pepper,ingredient_hub,27100.0,23.0,Tier 1,27100.0,White Pepper Recipe,seo_target,
1,not_started,castelvetrano olives,ingredient_hub,27100.0,20.0,Tier 1,27100.0,"Castelvetrano Olives: Uses, Substitutes & Recipes",seo_target,cuisine_specialty
1,not_started,turkey sausage,ingredient_hub,27100.0,28.0,Tier 1,27100.0,Turkey Sausage Recipe,seo_target,
1,not_started,yellowfin tuna,ingredient_hub,27100.0,28.0,Tier 1,27100.0,Yellowfin Tuna Recipe,seo_target,
1,not_started,hazelnut,ingredient_hub,27100.0,28.0,Tier 1,27100.0,Hazelnut Recipe,seo_target,
1,not_started,lychee martini,ingredient_hub,27100.0,26.0,Tier 1,27100.0,Lychee Martini Recipe,seo_target,
1,not_started,rice crackers,ingredient_hub,27100.0,29.0,Tier 1,27100.0,Rice Crackers Recipe,seo_target,
1,not_started,panda express orange chicken,recipe_or_dish,27100.0,29.0,Tier 1,27100.0,Panda Express Orange Chicken Recipe,seo_target,
1,not_started,olive garden new menu rules,recipe_or_dish,27100.0,26.0,Tier 1,27100.0,olive garden new menu rules,seo_target,brand_news_reactive
1,not_started,steak recipes 2026,recipe_or_dish,22200.0,26.0,Tier 1,22200.0,steak recipes 2026,seo_target,keyword_gap_find
1,not_started,flank steak recipes,recipe_or_dish,22200.0,26.0,Tier 1,22200.0,Flank Steak Recipe,seo_target,
1,not_started,bulgur wheat,ingredient_hub,22200.0,28.0,Tier 1,22200.0,Bulgur Wheat Recipe,seo_target,
1,not_started,fried fish crispy,recipe_or_dish,22200.0,24.0,Tier 1,22200.0,Fried Fish Crispy Recipe,seo_target,
1,not_started,lemon pepper chicken,recipe_or_dish,22200.0,29.0,Tier 1,22200.0,Lemon Pepper Chicken Recipe,seo_target,
1,not_started,limoncello spritz,ingredient_hub,22200.0,23.0,Tier 1,22200.0,Limoncello Spritz Recipe,seo_target,
1,not_started,bottarga,ingredient_hub,22200.0,22.0,Tier 1,22200.0,Bottarga Recipe,seo_target,
1,not_started,skinny margarita recipe,recipe_or_dish,22200.0,23.0,Tier 1,22200.0,Skinny Margarita Recipe,seo_target,
1,not_started,jamon iberico,ingredient_hub,22200.0,25.0,Tier 1,22200.0,Jamon Iberico Recipe,seo_target,
1,not_started,sisig,ingredient_hub,22200.0,18.0,Tier 1,22200.0,Sisig Recipe,seo_target,
1,not_started,canned sardines,ingredient_hub,22200.0,25.0,Tier 1,22200.0,Canned Sardines Recipe,seo_target,
1,not_started,pigeon peas,ingredient_hub,22200.0,23.0,Tier 1,22200.0,Pigeon Pea Recipe,seo_target,
1,not_started,pepper jack cheese,recipe_or_dish,22200.0,10.0,Tier 1,22200.0,Pepper Jack Cheese Recipe,seo_target,
1,not_started,rasmalai,ingredient_hub,22200.0,26.0,Tier 1,22200.0,Rasmalai Recipe,seo_target,
1,not_started,taylor ham,ingredient_hub,22200.0,28.0,Tier 1,22200.0,taylor ham,seo_target,allrecipes_mobile_find
1,not_started,lemon drop drink recipe,recipe_or_dish,22200.0,26.0,Tier 1,22200.0,Lemon Drop Drink Recipe,seo_target,
1,not_started,tuna tartare,ingredient_hub,22200.0,19.0,Tier 1,22200.0,Tuna Tartare Recipe,seo_target,
1,not_started,lobster roll recipe,recipe_or_dish,22200.0,29.0,Tier 1,22200.0,Lobster Roll Recipe,seo_target,
1,not_started,persian cucumber,ingredient_hub,22200.0,16.0,Tier 1,22200.0,Persian Cucumber Recipe,seo_target,
1,not_started,fish for fried,recipe_or_dish,22200.0,24.0,Tier 1,22200.0,fish for fried,seo_target,allrecipes_mobile_find
1,not_started,can you freeze cheese,recipe_or_dish,22200.0,21.0,Tier 1,22200.0,Freeze Cheese Recipe,seo_target,
1,not_started,shirley temple recipe,recipe_or_dish,22200.0,27.0,Tier 1,22200.0,Shirley Temple Recipe,seo_target,
1,not_started,best pizza,ingredient_hub,22200.0,17.0,Tier 1,22200.0,Pizza Recipe,seo_target,
1,not_started,ranch water recipe,recipe_or_dish,22200.0,28.0,Tier 1,22200.0,Ranch Water Recipe,seo_target,
1,not_started,nacho cheese,ingredient_hub,22200.0,24.0,Tier 1,22200.0,Nacho Cheese Recipe,seo_target,
1,not_started,recipe for brinjal,recipe_or_dish,22200.0,26.0,Tier 1,22200.0,Brinjal Recipe,seo_target,
1,not_started,hainanese chicken,ingredient_hub,22200.0,25.0,Tier 1,22200.0,Hainanese Chicken Recipe,seo_target,
1,not_started,virgin and extra virgin olive oil,recipe_or_dish,22200.0,20.0,Tier 1,22200.0,virgin and extra virgin olive oil,seo_target,allrecipes_mobile_find
1,not_started,bresaola,ingredient_hub,22200.0,13.0,Tier 1,22200.0,Bresaola Recipe,seo_target,
1,not_started,steak seasoning,ingredient_hub,22200.0,25.0,Tier 1,22200.0,Steak Seasoning Recipe,seo_target,
1,not_started,queso blanco,ingredient_hub,22200.0,17.0,Tier 1,22200.0,Queso Blanco Recipe,seo_target,
1,not_started,calabaza,ingredient_hub,22200.0,27.0,Tier 1,22200.0,Calabaza Recipe,seo_target,
1,not_started,all purpose seasoning,recipe_or_dish,22200.0,25.0,Tier 1,22200.0,All Purpose Seasoning Recipe,seo_target,
1,not_started,Sourdough Focaccia Recipe,recipe_or_dish,22200.0,22.0,Tier 1,22200.0,Sourdough Focaccia Recipe,seo_target,
1,not_started,tocino,ingredient_hub,22200.0,21.0,Tier 1,22200.0,Tocino Recipe,seo_target,
1,not_started,twinkie,ingredient_hub,22200.0,27.0,Tier 1,22200.0,Twinkie Recipe,seo_target,
1,not_started,Snow Crab Legs,recipe_or_dish,22200.0,24.0,Tier 1,22200.0,Snow Crab Leg Recipe,seo_target,
1,not_started,sub sandwich,ingredient_hub,22200.0,27.0,Tier 1,22200.0,Sub Sandwich Recipe,seo_target,
1,not_started,Chili Con Carne,recipe_or_dish,22200.0,20.0,Tier 1,22200.0,Chili Con Carne Recipe,seo_target,
1,not_started,cockduck,ingredient_hub,22200.0,26.0,Tier 1,22200.0,Cockduck Recipe,seo_target,
1,not_started,crawfish effoute,ingredient_hub,22200.0,22.0,Tier 1,22200.0,Crawfish Effoute Recipe,seo_target,
1,not_started,thanksgiving side dishes,recipe_or_dish,22200.0,22.0,Tier 1,22200.0,Thanksgiving Side Dishe Recipe,seo_target,
1,not_started,stracciatella cheese,ingredient_hub,22200.0,27.0,Tier 1,22200.0,Stracciatella Cheese Recipe,seo_target,
1,not_started,muddy buddy recipe,recipe_or_dish,22200.0,24.0,Tier 1,22200.0,Muddy Buddy Recipe,seo_target,
1,not_started,christmas candy,ingredient_hub,22200.0,25.0,Tier 1,22200.0,Christma Candy Recipe,seo_target,
1,not_started,chicken karaage,ingredient_hub,22200.0,29.0,Tier 1,22200.0,Chicken Karaage Recipe,seo_target,
1,not_started,healthiest fast food,recipe_or_dish,22200.0,28.0,Tier 1,22200.0,Healthiest Fast Food Recipe,seo_target,
1,not_started,flour all purpose,recipe_or_dish,22200.0,18.0,Tier 1,22200.0,Flour All Purpose Recipe,seo_target,
1,not_started,inari sushi,ingredient_hub,22200.0,27.0,Tier 1,22200.0,Inari Sushi Recipe,seo_target,
1,not_started,midori sour,ingredient_hub,22200.0,21.0,Tier 1,22200.0,Midori Sour Recipe,seo_target,
1,not_started,orange roughy,ingredient_hub,22200.0,25.0,Tier 1,22200.0,Orange Roughy Recipe,seo_target,
1,not_started,smothered chicken,ingredient_hub,22200.0,29.0,Tier 1,22200.0,Smothered Chicken Recipe,seo_target,
1,not_started,dry martini,ingredient_hub,22200.0,26.0,Tier 1,22200.0,Dry Martini Recipe,seo_target,
1,not_started,au jus recipe,recipe_or_dish,22200.0,25.0,Tier 1,22200.0,Au Jus Recipe,seo_target,
1,not_started,boudin sausage,ingredient_hub,22200.0,29.0,Tier 1,22200.0,Boudin Sausage Recipe,seo_target,
1,not_started,milano cookies,ingredient_hub,22200.0,17.0,Tier 1,22200.0,Milano Cookies Recipe,seo_target,
1,not_started,bacon thick cut,recipe_or_dish,22200.0,15.0,Tier 1,22200.0,Bacon Thick Cut Recipe,seo_target,
1,not_started,john daly drink,recipe_or_dish,22200.0,27.0,Tier 1,22200.0,John Daly Drink Recipe,seo_target,
1,not_started,voodoo chips,ingredient_hub,22200.0,14.0,Tier 1,22200.0,Voodoo Chips Recipe,seo_target,
1,not_started,321 ribs,recipe_or_dish,22200.0,29.0,Tier 1,22200.0,321 Ribs Recipe,seo_target,
1,not_started,Grinder Sandwich,ingredient_hub,22200.0,14.0,Tier 1,22200.0,Grinder Sandwich Recipe,seo_target,
1,not_started,cornish hen recipe,recipe_or_dish,22200.0,26.0,Tier 1,22200.0,Cornish Hen Recipe,seo_target,
1,not_started,grape salad recipe,recipe_or_dish,22200.0,29.0,Tier 1,22200.0,Grape Salad Recipe,seo_target,
1,not_started,fortified wine,ingredient_hub,22200.0,18.0,Tier 1,22200.0,Fortified Wine Recipe,seo_target,
1,not_started,skirt steak recipes,recipe_or_dish,22200.0,29.0,Tier 1,22200.0,Skirt Steak Recipe,seo_target,
1,not_started,military diet,ingredient_hub,22200.0,25.0,Tier 1,22200.0,Military Diet Recipe,seo_target,
1,not_started,dunkin donuts bucket,recipe_or_dish,22200.0,29.0,Tier 1,22200.0,dunkin donuts bucket,seo_target,brand_news_reactive
1,not_started,lamb chop,ingredient_hub,22200.0,29.0,Tier 1,22200.0,Lamb Chop Recipe,seo_target,
1,not_started,asiago cheese,ingredient_hub,22200.0,27.0,Tier 1,22200.0,Asiago Cheese Recipe,seo_target,
1,not_started,menma,ingredient_hub,22200.0,29.0,Tier 1,22200.0,Menma Recipe,seo_target,
1,not_started,smoked paprika,ingredient_hub,22200.0,26.0,Tier 1,22200.0,Smoked Paprika Recipe,seo_target,
1,not_started,milk dud,ingredient_hub,22200.0,28.0,Tier 1,22200.0,Milk Dud Recipe,seo_target,
1,not_started,pork belly burnt ends,recipe_or_dish,22200.0,17.0,Tier 1,22200.0,Pork Belly Burnt End Recipe,seo_target,
1,not_started,consome,ingredient_hub,22200.0,24.0,Tier 1,22200.0,Consome Recipe,seo_target,
1,not_started,elderflower,ingredient_hub,22200.0,28.0,Tier 1,22200.0,Elderflower Recipe,seo_target,
1,not_started,crunchwrap supreme,ingredient_hub,22200.0,29.0,Tier 1,22200.0,Crunchwrap Supreme Recipe,seo_target,
1,not_started,gin cocktails,ingredient_hub,22200.0,29.0,Tier 1,22200.0,Gin Cocktail Recipe,seo_target,
1,not_started,black bean recipes,recipe_or_dish,22200.0,24.0,Tier 1,22200.0,Black Bean Recipe,seo_target,
1,not_started,egusi,ingredient_hub,22200.0,29.0,Tier 1,22200.0,Egusi Recipe,seo_target,
1,not_started,rye whiskey for manhattan cocktail,recipe_or_dish,22200.0,17.0,Tier 1,22200.0,Rye Whiskey Manhattan Cocktail Recipe,seo_target,
1,not_started,chuck eye steak,recipe_or_dish,22200.0,12.0,Tier 1,22200.0,Chuck Eye Steak Recipe,seo_target,
1,not_started,dry red wine,recipe_or_dish,22200.0,20.0,Tier 1,22200.0,Dry Red Wine Recipe,seo_target,
1,not_started,low residue diet,recipe_or_dish,22200.0,24.0,Tier 1,22200.0,Low Residue Diet Recipe,seo_target,
1,not_started,lupini beans,ingredient_hub,22200.0,28.0,Tier 1,22200.0,Lupini Beans Recipe,seo_target,
1,not_started,calabacitas,ingredient_hub,22200.0,24.0,Tier 1,22200.0,Calabacita Recipe,seo_target,
1,not_started,colby jack cheese,recipe_or_dish,22200.0,13.0,Tier 1,22200.0,Colby Jack Cheese Recipe,seo_target,
1,not_started,gluten free cookies,recipe_or_dish,22200.0,28.0,Tier 1,22200.0,Gluten Free Cookies Recipe,seo_target,
1,not_started,simple hotcake recipe,recipe_or_dish,22200.0,19.0,Tier 1,22200.0,Hotcake Recipe,seo_target,
1,not_started,scoby,ingredient_hub,22200.0,13.0,Tier 1,22200.0,Scoby Recipe,seo_target,
1,not_started,Strawberry Shortcake Ice Cream,recipe_or_dish,22200.0,20.0,Tier 1,22200.0,Strawberry Shortcake Ice Cream Recipe,seo_target,
1,not_started,butterbeer recipe,recipe_or_dish,22200.0,27.0,Tier 1,22200.0,Butterbeer Recipe,seo_target,
1,not_started,calvados,ingredient_hub,22200.0,22.0,Tier 1,22200.0,Calvado Recipe,seo_target,
1,not_started,shredded cheese,ingredient_hub,22200.0,29.0,Tier 1,22200.0,Shredded Cheese Recipe,seo_target,
1,not_started,string cheese,ingredient_hub,22200.0,29.0,Tier 1,22200.0,String Cheese Recipe,seo_target,
1,not_started,philadelphia cheesecake no bake,recipe_or_dish,22200.0,26.0,Tier 1,22200.0,No-Bake Philadelphia Cheesecake Recipe,seo_target,
1,not_started,acerola,ingredient_hub,22200.0,22.0,Tier 1,22200.0,Acerola Recipe,seo_target,
1,not_started,agua de jamaica,recipe_or_dish,22200.0,28.0,Tier 1,22200.0,Agua De Jamaica Recipe,seo_target,
1,not_started,vodka soda,ingredient_hub,22200.0,22.0,Tier 1,22200.0,Vodka Soda Recipe,seo_target,
1,not_started,lambrusco,ingredient_hub,22200.0,17.0,Tier 1,22200.0,Lambrusco Recipe,seo_target,
1,not_started,mint peas,ingredient_hub,22200.0,22.0,Tier 1,22200.0,Mint Pea Recipe,seo_target,
1,not_started,chicken feet,ingredient_hub,22200.0,18.0,Tier 1,22200.0,Chicken Feet Recipe,seo_target,
1,not_started,ranchero sauce,ingredient_hub,22200.0,24.0,Tier 1,22200.0,Ranchero Sauce Recipe,seo_target,
1,not_started,yuca fries,ingredient_hub,22200.0,28.0,Tier 1,22200.0,Yuca Fries Recipe,seo_target,
1,not_started,steelhead trout,ingredient_hub,22200.0,25.0,Tier 1,22200.0,Steelhead Trout Recipe,seo_target,
1,not_started,langostino,ingredient_hub,22200.0,29.0,Tier 1,22200.0,Langostino Recipe,seo_target,
1,not_started,broccolini recipe,recipe_or_dish,22200.0,28.0,Tier 1,22200.0,Broccolini Recipe,seo_target,
1,not_started,Hunan Beef,ingredient_hub,22200.0,21.0,Tier 1,22200.0,Hunan Beef Recipe,seo_target,
1,not_started,smoked ribs,ingredient_hub,22200.0,27.0,Tier 1,22200.0,Smoked Ribs Recipe,seo_target,
1,not_started,skirt steak marinade,recipe_or_dish,22200.0,24.0,Tier 1,22200.0,Skirt Steak Marinade Recipe,seo_target,
1,not_started,honey bun,ingredient_hub,22200.0,28.0,Tier 1,22200.0,Honey Bun Recipe,seo_target,
1,not_started,salchipapa,ingredient_hub,22200.0,29.0,Tier 1,22200.0,Salchipapa Recipe,seo_target,
1,not_started,gin and tonic recipe,recipe_or_dish,22200.0,29.0,Tier 1,22200.0,gin and tonic recipe,seo_target,allrecipes_mobile_find
1,not_started,irish food,ingredient_hub,22200.0,27.0,Tier 1,22200.0,irish food,seo_target,allrecipes_mobile_find
1,not_started,vegan ice cream,recipe_or_dish,22200.0,29.0,Tier 1,22200.0,Vegan Ice Cream Recipe,seo_target,
1,not_started,nigiri sushi,ingredient_hub,22200.0,28.0,Tier 1,22200.0,Nigiri Sushi Recipe,seo_target,
1,not_started,buttery nipple shot,recipe_or_dish,22200.0,25.0,Tier 1,22200.0,Buttery Nipple Shot Recipe,seo_target,
1,not_started,mexican hot chocolate,recipe_or_dish,22200.0,23.0,Tier 1,22200.0,Mexican Hot Chocolate Recipe,seo_target,
1,not_started,cassava flour,ingredient_hub,22200.0,22.0,Tier 1,22200.0,Cassava Flour Recipe,seo_target,
1,not_started,qottab,ingredient_hub,22200.0,13.0,Tier 1,22200.0,Qottab Recipe,seo_target,
1,not_started,tacos dorados,ingredient_hub,22200.0,27.0,Tier 1,22200.0,Tacos Dorado Recipe,seo_target,
1,not_started,rice flour,ingredient_hub,22200.0,20.0,Tier 1,22200.0,Rice Flour Recipe,seo_target,
1,not_started,s'mores muffins,recipe_or_dish,22200.0,27.0,Tier 1,22200.0,Smore Muffin Recipe,seo_target,
1,not_started,smuffin,ingredient_hub,22200.0,27.0,Tier 1,22200.0,Smuffin Recipe,seo_target,
1,not_started,chicken vindaloo,ingredient_hub,22200.0,15.0,Tier 1,22200.0,Chicken Vindaloo Recipe,seo_target,
1,not_started,protein ball protein,recipe_or_dish,22200.0,25.0,Tier 1,22200.0,protein ball protein,seo_target,allrecipes_mobile_find
1,not_started,panko bread crumbs,recipe_or_dish,22200.0,24.0,Tier 1,22200.0,Panko Bread Crumb Recipe,seo_target,
1,not_started,purple rice,ingredient_hub,22200.0,22.0,Tier 1,22200.0,Purple Rice Recipe,seo_target,
1,not_started,chinese five spice,recipe_or_dish,22200.0,25.0,Tier 1,22200.0,Chinese Five Spice Recipe,seo_target,
1,not_started,braunschweiger,ingredient_hub,22200.0,27.0,Tier 1,22200.0,Braunschweiger Recipe,seo_target,
1,not_started,dragon roll,ingredient_hub,22200.0,12.0,Tier 1,22200.0,Dragon Roll Recipe,seo_target,
1,not_started,arborio rice,ingredient_hub,22200.0,25.0,Tier 1,22200.0,Arborio Rice Recipe,seo_target,
1,not_started,coffee liqueur,ingredient_hub,22200.0,26.0,Tier 1,22200.0,Coffee Liqueur Recipe,seo_target,
1,not_started,pastina recipe,recipe_or_dish,22200.0,26.0,Tier 1,22200.0,Pastina Recipe,seo_target,
1,not_started,mcdonalds caviar kit,recipe_or_dish,22200.0,28.0,Tier 1,22200.0,mcdonalds caviar kit,seo_target,brand_news_reactive
1,not_started,yogurt greek vanilla,recipe_or_dish,22200.0,21.0,Tier 1,22200.0,Yogurt Greek Vanilla Recipe,seo_target,
1,not_started,thaï spices,recipe_or_dish,22200.0,21.0,Tier 1,22200.0,Tha Spice Recipe,seo_target,
1,not_started,alaska roll,ingredient_hub,22200.0,15.0,Tier 1,22200.0,Alaska Roll Recipe,seo_target,
1,not_started,soy sauce and gluten free,recipe_or_dish,22200.0,17.0,Tier 1,22200.0,Soy Sauce Gluten Free Recipe,seo_target,
1,not_started,crawfish etouffee,ingredient_hub,22200.0,22.0,Tier 1,22200.0,Crawfish Etouffee Recipe,seo_target,
1,not_started,what time does wendy's stop serving breakfast,recipe_or_dish,22200.0,26.0,Tier 1,22200.0,what time does wendy's stop serving breakfast,seo_target,allrecipes_mobile_find
1,not_started,meal kosher,ingredient_hub,22200.0,25.0,Tier 1,22200.0,meal kosher,seo_target,allrecipes_mobile_find
1,not_started,rice caking,ingredient_hub,22200.0,17.0,Tier 1,22200.0,Rice Caking Recipe,seo_target,
1,not_started,cocktail drinks gin,recipe_or_dish,22200.0,29.0,Tier 1,22200.0,cocktail drinks gin,seo_target,allrecipes_mobile_find
1,not_started,snap peas,ingredient_hub,22200.0,29.0,Tier 1,22200.0,Snap Pea Recipe,seo_target,
1,not_started,campanelle,ingredient_hub,22200.0,23.0,Tier 1,22200.0,Campanelle Recipe,seo_target,
2,not_started,overnight oats with chia,recipe_or_dish,22200.0,26.0,Tier 1,22200.0,Overnight Oats Chia Recipe,seo_target,
2,not_started,linguica,ingredient_hub,22200.0,24.0,Tier 1,22200.0,Linguica Recipe,seo_target,
2,not_started,dairy free yogurt,recipe_or_dish,22200.0,18.0,Tier 1,22200.0,Dairy Free Yogurt Recipe,seo_target,
2,not_started,cajun gumbo,ingredient_hub,22200.0,23.0,Tier 1,22200.0,Cajun Gumbo Recipe,seo_target,
2,not_started,fish fry recipe,recipe_or_dish,22200.0,24.0,Tier 1,22200.0,Fish Fry Recipe,seo_target,
2,not_started,roquefort cheese,ingredient_hub,22200.0,26.0,Tier 1,22200.0,Roquefort Cheese Recipe,seo_target,
2,not_started,chicken breast recipes for dinner,recipe_or_dish,22200.0,26.0,Tier 1,22200.0,Chicken Breast Dinner Recipe,seo_target,
2,not_started,fiddleheads,ingredient_hub,22200.0,26.0,Tier 1,22200.0,Fiddlehead Recipe,seo_target,
2,not_started,polish sausage,ingredient_hub,22200.0,25.0,Tier 1,22200.0,Polish Sausage Recipe,seo_target,
2,not_started,bistec,ingredient_hub,22200.0,26.0,Tier 1,22200.0,Bistec Recipe,seo_target,
2,not_started,camembert,ingredient_hub,22200.0,27.0,Tier 1,22200.0,Camembert Recipe,seo_target,
2,not_started,all spice,ingredient_hub,22200.0,22.0,Tier 1,22200.0,All Spice Recipe,seo_target,
2,not_started,miami vice drink,recipe_or_dish,22200.0,12.0,Tier 1,22200.0,Miami Vice Drink Recipe,seo_target,
2,not_started,jamon,ingredient_hub,22200.0,27.0,Tier 1,22200.0,Jamon Recipe,seo_target,
2,not_started,mexican hot sauce,recipe_or_dish,22200.0,11.0,Tier 1,22200.0,Mexican Hot Sauce Recipe,seo_target,
2,not_started,chocolate covered pretzels,recipe_or_dish,22200.0,16.0,Tier 1,22200.0,Chocolate Covered Pretzels Recipe,seo_target,
2,not_started,what temperature is chicken done,recipe_or_dish,22200.0,29.0,Tier 1,22200.0,What Temperature Chicken Done Recipe,seo_target,
2,not_started,root beer float,recipe_or_dish,22200.0,23.0,Tier 1,22200.0,Root Beer Float Recipe,seo_target,
2,not_started,mamajuana,ingredient_hub,22200.0,27.0,Tier 1,22200.0,Mamajuana Recipe,seo_target,
2,not_started,camote,ingredient_hub,22200.0,26.0,Tier 1,22200.0,Camote Recipe,seo_target,
2,not_started,cajun cooking gumbo,recipe_or_dish,22200.0,23.0,Tier 1,22200.0,Cajun Cooking Gumbo Recipe,seo_target,
2,not_started,mantis shrimp mantis shrimp,recipe_or_dish,22200.0,28.0,Tier 1,22200.0,Mantis Shrimp Mantis Shrimp Recipe,seo_target,
2,not_started,strawberry puree,ingredient_hub,22200.0,24.0,Tier 1,22200.0,Strawberry Puree Recipe,seo_target,
2,not_started,minted greens,ingredient_hub,22200.0,28.0,Tier 1,22200.0,Minted Greens Recipe,seo_target,
2,not_started,mango sago,ingredient_hub,22200.0,28.0,Tier 1,22200.0,Mango Sago Recipe,seo_target,
2,not_started,libby's pumpkin pie recipe,recipe_or_dish,22200.0,25.0,Tier 1,22200.0,Libby Pumpkin Pie Recipe,seo_target,
2,not_started,sous vide steak,recipe_or_dish,22200.0,27.0,Tier 1,22200.0,Sous Vide Steak Recipe,seo_target,
2,not_started,is a hotdog a sandwich,recipe_or_dish,22200.0,22.0,Tier 1,22200.0,Hotdog Sandwich Recipe,seo_target,
2,not_started,farfalle,ingredient_hub,22200.0,20.0,Tier 1,22200.0,Farfalle Recipe,seo_target,
2,not_started,boston roll,ingredient_hub,22200.0,24.0,Tier 1,22200.0,Boston Roll Recipe,seo_target,
2,not_started,padano grana cheese,recipe_or_dish,22200.0,19.0,Tier 1,22200.0,Padano Grana Cheese Recipe,seo_target,
2,not_started,roasted beets,ingredient_hub,22200.0,23.0,Tier 1,22200.0,Roasted Beet Recipe,seo_target,
2,not_started,guajillo,ingredient_hub,22200.0,24.0,Tier 1,22200.0,Guajillo Recipe,seo_target,
2,not_started,cheeseburger soup recipe,recipe_or_dish,18100.0,29.0,Tier 1,18100.0,cheeseburger soup recipe,seo_target,allrecipes_mobile_find
2,not_started,spanish chorizo,ingredient_hub,18100.0,18.0,Tier 1,18100.0,Spanish Chorizo Recipe,seo_target,
2,not_started,Red Chimichurri,ingredient_hub,18100.0,22.0,Tier 1,18100.0,Red Chimichurri Recipe,seo_target,
2,not_started,Sablefish,ingredient_hub,18100.0,23.0,Tier 1,18100.0,Sablefish Recipe,seo_target,
2,not_started,bang bang shrimp bang bang shrimp,recipe_or_dish,18100.0,21.0,Tier 1,18100.0,Bang Bang Shrimp Bang Bang Shrimp Recipe,seo_target,
2,not_started,carne seca,ingredient_hub,18100.0,25.0,Tier 1,18100.0,Carne Seca Recipe,seo_target,
2,not_started,chicken liver,ingredient_hub,18100.0,15.0,Tier 1,18100.0,Chicken Liver Recipe,seo_target,
2,not_started,creamer,ingredient_hub,18100.0,23.0,Tier 1,18100.0,creamer,seo_target,allrecipes_mobile_find
2,not_started,crock-pot crock,recipe_or_dish,18100.0,27.0,Tier 1,18100.0,Crockpot Crock Recipe,seo_target,
2,not_started,gluten free tortillas,recipe_or_dish,18100.0,20.0,Tier 1,18100.0,Gluten Free Tortilla Recipe,seo_target,
2,not_started,corned beef brisket,recipe_or_dish,18100.0,28.0,Tier 1,18100.0,corned beef brisket,seo_target,allrecipes_mobile_find
2,not_started,mangold chard,ingredient_hub,18100.0,21.0,Tier 1,18100.0,Mangold Chard Recipe,seo_target,
2,not_started,bonne maman advent calendar,recipe_or_dish,18100.0,24.0,Tier 1,18100.0,bonne maman advent calendar,seo_target,brand_news_reactive
2,not_started,coffee syrup,ingredient_hub,18100.0,28.0,Tier 1,18100.0,coffee syrup,seo_target,allrecipes_mobile_find
2,not_started,Raspados,ingredient_hub,18100.0,29.0,Tier 1,18100.0,Raspado Recipe,seo_target,
2,not_started,ube flavor,ingredient_hub,18100.0,22.0,Tier 1,18100.0,Ube Flavor Recipe,seo_target,
2,not_started,mulita,ingredient_hub,18100.0,25.0,Tier 1,18100.0,Mulita Recipe,seo_target,
2,not_started,filipino desserts,ingredient_hub,18100.0,18.0,Tier 1,18100.0,Filipino Dessert Recipe,seo_target,
2,not_started,over hard eggs,recipe_or_dish,18100.0,20.0,Tier 1,18100.0,Over Hard Egg Recipe,seo_target,
2,not_started,pork steak,ingredient_hub,18100.0,29.0,Tier 1,18100.0,Pork Steak Recipe,seo_target,
2,not_started,gazpachero,ingredient_hub,18100.0,18.0,Tier 1,18100.0,gazpachero,seo_target,allrecipes_mobile_find
2,not_started,whoopie pies whoopie pies,recipe_or_dish,18100.0,27.0,Tier 1,18100.0,Whoopie Pie Whoopie Pie Recipe,seo_target,
2,not_started,amaretto liqueur,ingredient_hub,18100.0,17.0,Tier 1,18100.0,Amaretto Liqueur Recipe,seo_target,
2,not_started,italiaanse pasta,ingredient_hub,18100.0,25.0,Tier 1,18100.0,Italiaanse Pasta Recipe,seo_target,
2,not_started,alaska rollen,ingredient_hub,18100.0,10.0,Tier 1,18100.0,Alaska Rollen Recipe,seo_target,
2,not_started,gluten free banana bread,recipe_or_dish,18100.0,24.0,Tier 1,18100.0,Gluten Free Banana Bread Recipe,seo_target,
2,not_started,plantain chips,ingredient_hub,18100.0,22.0,Tier 1,18100.0,Plantain Chips Recipe,seo_target,
2,not_started,vodka drinks,ingredient_hub,18100.0,25.0,Tier 1,18100.0,Vodka Drink Recipe,seo_target,
2,not_started,fermented pickles,ingredient_hub,18100.0,14.0,Tier 1,18100.0,Fermented Pickles Recipe,seo_target,
2,not_started,achiote paste,ingredient_hub,18100.0,29.0,Tier 1,18100.0,Achiote Paste Recipe,seo_target,
2,not_started,pecorino romano cheese,recipe_or_dish,18100.0,29.0,Tier 1,18100.0,Pecorino Romano Cheese Recipe,seo_target,
2,not_started,taro milk tea,recipe_or_dish,18100.0,23.0,Tier 1,18100.0,Taro Milk Tea Recipe,seo_target,
2,not_started,vodka cranberry,ingredient_hub,18100.0,20.0,Tier 1,18100.0,Vodka Cranberry Recipe,seo_target,
2,not_started,swai,ingredient_hub,18100.0,24.0,Tier 1,18100.0,Swai Recipe,seo_target,
2,not_started,rolled oats for granola,recipe_or_dish,18100.0,26.0,Tier 1,18100.0,Rolled Oats Granola Recipe,seo_target,
2,not_started,fruit tray,ingredient_hub,18100.0,29.0,Tier 1,18100.0,Fruit Tray Recipe,seo_target,
2,not_started,taleggio,ingredient_hub,18100.0,19.0,Tier 1,18100.0,Taleggio Recipe,seo_target,
2,not_started,caster granulated sugar,recipe_or_dish,18100.0,27.0,Tier 1,18100.0,caster granulated sugar,seo_target,allrecipes_mobile_find
2,not_started,mastic,ingredient_hub,18100.0,22.0,Tier 1,18100.0,"Mastic: Uses, Substitutes & Recipes",seo_target,cuisine_specialty
2,not_started,italian sandwich,ingredient_hub,18100.0,24.0,Tier 1,18100.0,Italian Sandwich Recipe,seo_target,
2,not_started,cheesy gordita crunch,recipe_or_dish,18100.0,26.0,Tier 1,18100.0,Cheesy Gordita Crunch Recipe,seo_target,
2,not_started,croisantit,ingredient_hub,18100.0,29.0,Tier 1,18100.0,Croisantit Recipe,seo_target,
2,not_started,smoked sausage,ingredient_hub,18100.0,19.0,Tier 1,18100.0,Smoked Sausage Recipe,seo_target,
2,not_started,pozole verde,ingredient_hub,18100.0,27.0,Tier 1,18100.0,Pozole Verde Recipe,seo_target,
2,not_started,choco pie cocoa,recipe_or_dish,18100.0,26.0,Tier 1,18100.0,Choco Pie Cocoa Recipe,seo_target,
2,not_started,nacho fries,ingredient_hub,18100.0,25.0,Tier 1,18100.0,Nacho Fries Recipe,seo_target,
2,not_started,Salmon Roe,ingredient_hub,18100.0,23.0,Tier 1,18100.0,Salmon Roe Recipe,seo_target,
2,not_started,wendy's takis meal,recipe_or_dish,18100.0,25.0,Tier 1,18100.0,wendy's takis meal,seo_target,brand_news_reactive
2,not_started,country fried steak recipe,recipe_or_dish,18100.0,28.0,Tier 1,18100.0,Country Fried Steak Recipe,seo_target,
2,not_started,sourdough sandwich bread,recipe_or_dish,18100.0,26.0,Tier 1,18100.0,Sourdough Sandwich Bread Recipe,seo_target,
2,not_started,corn flour corn,recipe_or_dish,18100.0,25.0,Tier 1,18100.0,Corn Flour Corn Recipe,seo_target,
2,not_started,sous vide chicken breast,recipe_or_dish,18100.0,24.0,Tier 1,18100.0,Sous Vide Chicken Breast Recipe,seo_target,
2,not_started,Arrowroot Powder,ingredient_hub,18100.0,18.0,Tier 1,18100.0,Arrowroot Powder Recipe,seo_target,
2,not_started,malt liquor,ingredient_hub,18100.0,27.0,Tier 1,18100.0,Malt Liquor Recipe,seo_target,
2,not_started,charleston chew,ingredient_hub,18100.0,24.0,Tier 1,18100.0,Charleston Chew Recipe,seo_target,
2,not_started,tinga de pollo,recipe_or_dish,18100.0,25.0,Tier 1,18100.0,Tinga De Pollo Recipe,seo_target,
2,not_started,walmart recalls water bottles,recipe_or_dish,18100.0,28.0,Tier 1,18100.0,walmart recalls water bottles,seo_target,brand_news_reactive
2,not_started,mexican drinks,ingredient_hub,18100.0,26.0,Tier 1,18100.0,Mexican Drink Recipe,seo_target,
2,not_started,kanpachi,ingredient_hub,18100.0,22.0,Tier 1,18100.0,Kanpachi Recipe,seo_target,
2,not_started,tonic water,ingredient_hub,18100.0,29.0,Tier 1,18100.0,Tonic Water Recipe,seo_target,
2,not_started,frisee,ingredient_hub,18100.0,19.0,Tier 1,18100.0,Frisee Recipe,seo_target,
2,not_started,how to tell if eggs are good,howto_technique,18100.0,24.0,Tier 1,18100.0,Tell If Egg Are Good Recipe,seo_target,
2,not_started,demerara,ingredient_hub,18100.0,24.0,Tier 1,18100.0,demerara,seo_target,allrecipes_mobile_find
2,not_started,burger seasoning,ingredient_hub,18100.0,28.0,Tier 1,18100.0,Burger Seasoning Recipe,seo_target,
2,not_started,hazelnuts,ingredient_hub,18100.0,22.0,Tier 1,18100.0,"Hazelnuts: Uses, Substitutes & Recipes",seo_target,grains_starches_legumes
2,not_started,vanilla syrup,ingredient_hub,18100.0,23.0,Tier 1,18100.0,Vanilla Syrup Recipe,seo_target,
2,not_started,corn flour,ingredient_hub,18100.0,16.0,Tier 1,18100.0,Corn Flour Recipe,seo_target,
2,not_started,half and half,recipe_or_dish,18100.0,25.0,Tier 1,18100.0,Half Half Recipe,seo_target,
2,not_started,szechuan beef,ingredient_hub,18100.0,29.0,Tier 1,18100.0,Szechuan Beef Recipe,seo_target,
2,not_started,gorgonzola cheese,ingredient_hub,18100.0,29.0,Tier 1,18100.0,Gorgonzola Cheese Recipe,seo_target,
2,not_started,whoopie pies,ingredient_hub,18100.0,27.0,Tier 1,18100.0,Whoopie Pie Recipe,seo_target,
2,not_started,halloween cookies,ingredient_hub,18100.0,27.0,Tier 1,18100.0,Halloween Cookies Recipe,seo_target,
2,not_started,airtight containers for brown sugar,recipe_or_dish,18100.0,29.0,Tier 1,18100.0,Airtight Container Brown Sugar Recipe,seo_target,
2,not_started,snow cream recipe,recipe_or_dish,18100.0,26.0,Tier 1,18100.0,Snow Cream Recipe,seo_target,
2,not_started,cha pu erh tea,recipe_or_dish,18100.0,20.0,Tier 1,18100.0,Cha Pu Erh Tea Recipe,seo_target,
2,not_started,red curry paste,recipe_or_dish,18100.0,16.0,Tier 1,18100.0,Red Curry Paste Recipe,seo_target,
2,not_started,beverage mead,ingredient_hub,18100.0,27.0,Tier 1,18100.0,Beverage Mead Recipe,seo_target,
2,not_started,cachapas,ingredient_hub,18100.0,22.0,Tier 1,18100.0,Cachapa Recipe,seo_target,
2,not_started,korean hot pot dish,recipe_or_dish,18100.0,28.0,Tier 1,18100.0,Korean Hot Pot Dish Recipe,seo_target,
2,not_started,enchiladas suizas,ingredient_hub,18100.0,28.0,Tier 1,18100.0,Enchiladas Suiza Recipe,seo_target,
2,not_started,how to make sticky rice,howto_technique,18100.0,26.0,Tier 1,18100.0,Sticky Rice Recipe,seo_target,
2,not_started,gin beverages cocktails,recipe_or_dish,18100.0,28.0,Tier 1,18100.0,gin beverages cocktails,seo_target,allrecipes_mobile_find
2,not_started,Langoustine,ingredient_hub,18100.0,23.0,Tier 1,18100.0,Langoustine Recipe,seo_target,
2,not_started,dry rubs for bbq chicken,recipe_or_dish,18100.0,28.0,Tier 1,18100.0,Dry Rub Barbecue Chicken Recipe,seo_target,
2,not_started,lawry's seasoned salt,recipe_or_dish,18100.0,28.0,Tier 1,18100.0,Lawry Seasoned Salt Recipe,seo_target,
2,not_started,cream half half,recipe_or_dish,18100.0,25.0,Tier 1,18100.0,Cream Half Half Recipe,seo_target,
2,not_started,neiman marcus cake,recipe_or_dish,18100.0,26.0,Tier 1,18100.0,Neiman Marcus Cake Recipe,seo_target,
2,not_started,whole chicken chicken,recipe_or_dish,18100.0,29.0,Tier 1,18100.0,Whole Chicken Chicken Recipe,seo_target,
2,not_started,soy and gluten free soy sauce,recipe_or_dish,18100.0,17.0,Tier 1,18100.0,Soy Gluten Free Soy Sauce Recipe,seo_target,
2,not_started,Pan de Bono,recipe_or_dish,18100.0,28.0,Tier 1,18100.0,Pan De Bono Recipe,seo_target,
2,not_started,einspanner,ingredient_hub,18100.0,21.0,Tier 1,18100.0,Einspanner Recipe,seo_target,
2,not_started,Butter Lettuce,ingredient_hub,18100.0,26.0,Tier 1,18100.0,Butter Lettuce Recipe,seo_target,
2,not_started,orange crush,ingredient_hub,18100.0,22.0,Tier 1,18100.0,Orange Crush Recipe,seo_target,
2,not_started,lamb in spanish,recipe_or_dish,18100.0,26.0,Tier 1,18100.0,Lamb Spanish Recipe,seo_target,
2,not_started,garlic parmesan sauce,recipe_or_dish,18100.0,28.0,Tier 1,18100.0,Garlic Parmesan Sauce Recipe,seo_target,
2,not_started,eye of round steak,recipe_or_dish,18100.0,25.0,Tier 1,18100.0,Eye Round Steak Recipe,seo_target,
2,not_started,cowboy casserole,ingredient_hub,18100.0,26.0,Tier 1,18100.0,Cowboy Casserole Recipe,seo_target,
2,not_started,chicken bake,ingredient_hub,18100.0,28.0,Tier 1,18100.0,Chicken Bake Recipe,seo_target,
2,not_started,bat wings,ingredient_hub,18100.0,18.0,Tier 1,18100.0,Bat Wings Recipe,seo_target,
2,not_started,agave nectar agave syrup,recipe_or_dish,18100.0,19.0,Tier 1,18100.0,Agave Nectar Agave Syrup Recipe,seo_target,
2,not_started,black cod,ingredient_hub,18100.0,21.0,Tier 1,18100.0,Black Cod Recipe,seo_target,
2,not_started,denver steak,ingredient_hub,18100.0,25.0,Tier 1,18100.0,Denver Steak Recipe,seo_target,
2,not_started,godiva chocolatini,ingredient_hub,18100.0,22.0,Tier 1,18100.0,Godiva Chocolatini Recipe,seo_target,
2,not_started,baked asparagus,ingredient_hub,18100.0,26.0,Tier 1,18100.0,Baked Asparagus Recipe,seo_target,
2,not_started,simmer pot,ingredient_hub,18100.0,29.0,Tier 1,18100.0,Simmer Pot Recipe,seo_target,
2,not_started,cappelletti,ingredient_hub,18100.0,20.0,Tier 1,18100.0,Cappelletti Recipe,seo_target,
2,not_started,braised beef,ingredient_hub,18100.0,26.0,Tier 1,18100.0,Braised Beef Recipe,seo_target,
2,not_started,spritz cookie recipe,recipe_or_dish,18100.0,24.0,Tier 1,18100.0,Spritz Cookie Recipe,seo_target,
2,not_started,best flour for making ramen noodles,recipe_or_dish,18100.0,24.0,Tier 1,18100.0,Flour Making Ramen Noodles Recipe,seo_target,
2,not_started,Creme de Cassis,recipe_or_dish,18100.0,24.0,Tier 1,18100.0,Creme De Cassis Recipe,seo_target,
2,not_started,marsala sauce,ingredient_hub,18100.0,18.0,Tier 1,18100.0,Marsala Sauce Recipe,seo_target,
2,not_started,how to cook bok choy,howto_technique,18100.0,26.0,Tier 1,18100.0,Bok Choy Recipe,seo_target,
2,not_started,raclette cheese,ingredient_hub,18100.0,26.0,Tier 1,18100.0,Raclette Cheese Recipe,seo_target,
2,not_started,cheese cheddar sharp,recipe_or_dish,18100.0,21.0,Tier 1,18100.0,Cheese Cheddar Sharp Recipe,seo_target,
2,not_started,crockpot meatballs,ingredient_hub,18100.0,21.0,Tier 1,18100.0,Crockpot Meatballs Recipe,seo_target,
2,not_started,sushi grade salmon,recipe_or_dish,18100.0,13.0,Tier 1,18100.0,Sushi Grade Salmon Recipe,seo_target,
2,not_started,pepperoncini peppers,ingredient_hub,18100.0,22.0,Tier 1,18100.0,Pepperoncini Pepper Recipe,seo_target,
2,not_started,canned salmon,ingredient_hub,18100.0,25.0,Tier 1,18100.0,Canned Salmon Recipe,seo_target,
2,not_started,175 c to f,recipe_or_dish,18100.0,24.0,Tier 1,18100.0,175 C F Recipe,seo_target,
2,not_started,Tequenos,ingredient_hub,18100.0,25.0,Tier 1,18100.0,Tequeno Recipe,seo_target,
2,not_started,KFC Famous Bowl,recipe_or_dish,18100.0,28.0,Tier 1,18100.0,Kfc Famous Bowl Recipe,seo_target,
2,not_started,fried wonton,ingredient_hub,18100.0,25.0,Tier 1,18100.0,Fried Wonton Recipe,seo_target,
2,not_started,red delicious apple,recipe_or_dish,18100.0,29.0,Tier 1,18100.0,Red Delicious Apple Recipe,seo_target,
2,not_started,100 wholemeal bread,recipe_or_dish,18100.0,27.0,Tier 1,18100.0,100 Wholemeal Bread Recipe,seo_target,
2,not_started,strawberry syrup,ingredient_hub,18100.0,24.0,Tier 1,18100.0,Strawberry Syrup Recipe,seo_target,
2,not_started,shots,ingredient_hub,18100.0,23.0,Tier 1,18100.0,Shot Recipe,seo_target,
2,not_started,artichoke hearts,ingredient_hub,18100.0,24.0,Tier 1,18100.0,Artichoke Heart Recipe,seo_target,
2,not_started,star crunch,ingredient_hub,18100.0,28.0,Tier 1,18100.0,Star Crunch Recipe,seo_target,
2,not_started,chile colorado,ingredient_hub,18100.0,24.0,Tier 1,18100.0,Chile Colorado Recipe,seo_target,
2,not_started,suflē,recipe_or_dish,18100.0,23.0,Tier 1,18100.0,Sufl Recipe,seo_target,
2,not_started,taffy,ingredient_hub,18100.0,26.0,Tier 1,18100.0,Taffy Recipe,seo_target,
2,not_started,7 layer bars,recipe_or_dish,18100.0,25.0,Tier 1,18100.0,7 Layer Bar Recipe,seo_target,
2,not_started,lindt dubai chocolate,recipe_or_dish,18100.0,28.0,Tier 1,18100.0,lindt dubai chocolate,seo_target,brand_news_reactive
2,not_started,Vieux Carre,ingredient_hub,18100.0,27.0,Tier 1,18100.0,Vieux Carre Recipe,seo_target,
2,not_started,how to cook scallops,howto_technique,18100.0,28.0,Tier 1,18100.0,Scallops Recipe,seo_target,
2,not_started,tesseki,ingredient_hub,18100.0,14.0,Tier 1,18100.0,Tesseki Recipe,seo_target,
2,not_started,can you freeze cream cheese,recipe_or_dish,18100.0,19.0,Tier 1,18100.0,Freeze Cream Cheese Recipe,seo_target,
2,not_started,thumbprint cookie recipe,recipe_or_dish,18100.0,29.0,Tier 1,18100.0,Thumbprint Cookie Recipe,seo_target,
2,not_started,Salmon Bowl Recipe,recipe_or_dish,18100.0,28.0,Tier 1,18100.0,Salmon Bowl Recipe,seo_target,
2,not_started,buttered almond,ingredient_hub,18100.0,21.0,Tier 1,18100.0,Buttered Almond Recipe,seo_target,
2,not_started,spiced rum,ingredient_hub,18100.0,22.0,Tier 1,18100.0,Spiced Rum Recipe,seo_target,
2,not_started,vinegar,ingredient_hub,18100.0,25.0,Tier 1,18100.0,Vinegar Recipe,seo_target,
2,not_started,cherry peppers,ingredient_hub,18100.0,16.0,Tier 1,18100.0,Cherry Pepper Recipe,seo_target,
2,not_started,pineapple juice pineapple,recipe_or_dish,18100.0,21.0,Tier 1,18100.0,Pineapple Juice Pineapple Recipe,seo_target,
2,not_started,creme de menthe,recipe_or_dish,18100.0,25.0,Tier 1,18100.0,Creme De Menthe Recipe,seo_target,
2,not_started,mayonnaise for coleslaw dressing,recipe_or_dish,18100.0,24.0,Tier 1,18100.0,Mayonnaise Coleslaw Dressing Recipe,seo_target,
2,not_started,Comte Cheese,ingredient_hub,18100.0,25.0,Tier 1,18100.0,Comte Cheese Recipe,seo_target,
2,not_started,cake flavors,ingredient_hub,18100.0,14.0,Tier 1,18100.0,Cake Flavor Recipe,seo_target,
2,not_started,heavy cream creme fraiche,recipe_or_dish,18100.0,12.0,Tier 1,18100.0,Heavy Cream Creme Fraiche Recipe,seo_target,
2,not_started,snow cone,ingredient_hub,18100.0,29.0,Tier 1,18100.0,Snow Cone Recipe,seo_target,
2,not_started,white rum,ingredient_hub,18100.0,16.0,Tier 1,18100.0,White Rum Recipe,seo_target,
2,not_started,italian cheese,ingredient_hub,18100.0,21.0,Tier 1,18100.0,Italian Cheese Recipe,seo_target,
2,not_started,leftover ham recipes,recipe_or_dish,18100.0,26.0,Tier 1,18100.0,Leftover Ham Recipe,seo_target,
2,not_started,healthy chips,ingredient_hub,18100.0,27.0,Tier 1,18100.0,Healthy Chips Recipe,seo_target,
2,not_started,ice pops,ingredient_hub,18100.0,28.0,Tier 1,18100.0,Ice Pop Recipe,seo_target,
2,not_started,sandwich catering,ingredient_hub,18100.0,17.0,Tier 1,18100.0,Sandwich Catering Recipe,seo_target,
2,not_started,puff pastry sheets,recipe_or_dish,18100.0,26.0,Tier 1,18100.0,Puff Pastry Sheet Recipe,seo_target,
2,not_started,Sourdough Bagel Recipe,recipe_or_dish,18100.0,28.0,Tier 1,18100.0,Sourdough Bagel Recipe,seo_target,
2,not_started,tartufo,ingredient_hub,18100.0,29.0,Tier 1,18100.0,Tartufo Recipe,seo_target,
2,not_started,soft foods,ingredient_hub,18100.0,20.0,Tier 1,18100.0,Soft Food Recipe,seo_target,
2,not_started,easter eggs,ingredient_hub,18100.0,15.0,Tier 1,18100.0,Easter Egg Recipe,seo_target,
2,not_started,country style ribs,recipe_or_dish,18100.0,29.0,Tier 1,18100.0,Country Style Ribs Recipe,seo_target,
2,not_started,english cucumber,ingredient_hub,18100.0,24.0,Tier 1,18100.0,English Cucumber Recipe,seo_target,
2,not_started,black truffle,ingredient_hub,18100.0,19.0,Tier 1,18100.0,Black Truffle Recipe,seo_target,
2,not_started,peanut butter chocolate chip cookies,recipe_or_dish,18100.0,22.0,Tier 1,18100.0,Peanut Butter Chocolate Chip Cookies Recipe,seo_target,
2,not_started,grilled cheese recipe,recipe_or_dish,18100.0,28.0,Tier 1,18100.0,Grilled Cheese Recipe,seo_target,
2,not_started,meringue powder,ingredient_hub,18100.0,24.0,Tier 1,18100.0,Meringue Powder Recipe,seo_target,
2,not_started,diet karbo,ingredient_hub,18100.0,18.0,Tier 1,18100.0,Diet Karbo Recipe,seo_target,
2,not_started,kvass,ingredient_hub,18100.0,28.0,Tier 1,18100.0,Kvass Recipe,seo_target,
2,not_started,greek seasoning,ingredient_hub,18100.0,20.0,Tier 1,18100.0,Greek Seasoning Recipe,seo_target,
2,not_started,Venezuelan Food,ingredient_hub,18100.0,25.0,Tier 1,18100.0,Venezuelan Recipes: Our Best Collection,seo_target,
2,not_started,rotisserie chicken for chicken salad,recipe_or_dish,18100.0,25.0,Tier 1,18100.0,Rotisserie Chicken Chicken Salad Recipe,seo_target,
2,not_started,kabobs on bbq,recipe_or_dish,18100.0,27.0,Tier 1,18100.0,Kabob Barbecue Recipe,seo_target,
2,not_started,rum punch,ingredient_hub,18100.0,28.0,Tier 1,18100.0,Rum Punch Recipe,seo_target,
2,not_started,tuna tataki,ingredient_hub,18100.0,15.0,Tier 1,18100.0,Tuna Tataki Recipe,seo_target,
2,not_started,microwave popcorn,ingredient_hub,18100.0,27.0,Tier 1,18100.0,Microwave Popcorn Recipe,seo_target,
2,not_started,shirataki rice,ingredient_hub,18100.0,20.0,Tier 1,18100.0,Shirataki Rice Recipe,seo_target,
2,not_started,steamer basket for broccoli,recipe_or_dish,18100.0,29.0,Tier 1,18100.0,Steamer Basket Broccoli Recipe,seo_target,
2,not_started,turkish delight recipe,recipe_or_dish,18100.0,23.0,Tier 1,18100.0,Turkish Delight Recipe,seo_target,
2,not_started,chicken paillard,ingredient_hub,18100.0,21.0,Tier 1,18100.0,Chicken Paillard Recipe,seo_target,
2,not_started,italian soda,ingredient_hub,18100.0,22.0,Tier 1,18100.0,Italian Soda Recipe,seo_target,
2,not_started,fleur de sel,recipe_or_dish,18100.0,28.0,Tier 1,18100.0,Fleur De Sel Recipe,seo_target,
2,not_started,branston pickle,ingredient_hub,18100.0,29.0,Tier 1,18100.0,Branston Pickle Recipe,seo_target,
2,not_started,ribeye roast,ingredient_hub,18100.0,24.0,Tier 1,18100.0,Ribeye Roast Recipe,seo_target,
2,not_started,burger sauce,ingredient_hub,18100.0,18.0,Tier 1,18100.0,Burger Sauce Recipe,seo_target,
2,not_started,kiwi berries,ingredient_hub,18100.0,26.0,Tier 1,18100.0,Kiwi Berries Recipe,seo_target,
2,not_started,corn ribs,ingredient_hub,18100.0,25.0,Tier 1,18100.0,Corn Ribs Recipe,seo_target,
2,not_started,healthy crockpot recipes,recipe_or_dish,18100.0,22.0,Tier 1,18100.0,Healthy Crockpot Recipe,seo_target,
2,not_started,bourbon old fashioned drink,recipe_or_dish,18100.0,28.0,Tier 1,18100.0,Bourbon Old Fashioned Drink Recipe,seo_target,
2,not_started,beef stir fry dishes,recipe_or_dish,18100.0,29.0,Tier 1,18100.0,Beef Stir Fry Dishe Recipe,seo_target,
2,not_started,easy dinner recipes for one,recipe_or_dish,18100.0,29.0,Tier 1,18100.0,Dinner One Recipe,seo_target,
2,not_started,korean ramyun instant,recipe_or_dish,18100.0,28.0,Tier 1,18100.0,Korean Ramyun Instant Recipe,seo_target,
2,not_started,furikake seasoning,ingredient_hub,18100.0,26.0,Tier 1,18100.0,Furikake Seasoning Recipe,seo_target,
2,not_started,kelp noodles,ingredient_hub,18100.0,22.0,Tier 1,18100.0,Kelp Noodles Recipe,seo_target,
2,not_started,Hamachi Fish,ingredient_hub,18100.0,25.0,Tier 1,18100.0,Hamachi Fish Recipe,seo_target,
2,not_started,fig fruit,ingredient_hub,18100.0,28.0,Tier 1,18100.0,Fig Fruit Recipe,seo_target,
2,not_started,whole grain bread for avocado toast,recipe_or_dish,18100.0,22.0,Tier 1,18100.0,Whole Grain Bread Avocado Toast Recipe,seo_target,
2,not_started,Asiago Bagel,ingredient_hub,18100.0,22.0,Tier 1,18100.0,Asiago Bagel Recipe,seo_target,
2,not_started,boysenberry,ingredient_hub,18100.0,27.0,Tier 1,18100.0,Boysenberry Recipe,seo_target,
2,not_started,aji amarillo,ingredient_hub,18100.0,29.0,Tier 1,18100.0,Aji Amarillo Recipe,seo_target,
2,not_started,arctic char,ingredient_hub,18100.0,27.0,Tier 1,18100.0,Arctic Char Recipe,seo_target,
2,not_started,gandules,ingredient_hub,18100.0,29.0,Tier 1,18100.0,Gandule Recipe,seo_target,
2,not_started,covered pretzels chocolate,recipe_or_dish,18100.0,25.0,Tier 1,18100.0,covered pretzels chocolate,seo_target,allrecipes_mobile_find
2,not_started,are cherries good for you,recipe_or_dish,18100.0,23.0,Tier 1,18100.0,Are Cherry Good Recipe,seo_target,
2,not_started,caca wine,ingredient_hub,18100.0,19.0,Tier 1,18100.0,Caca Wine Recipe,seo_target,
2,not_started,tonic tonic water,recipe_or_dish,18100.0,29.0,Tier 1,18100.0,Tonic Tonic Water Recipe,seo_target,
2,not_started,samosa chaat,ingredient_hub,18100.0,29.0,Tier 1,18100.0,Samosa Chaat Recipe,seo_target,
2,not_started,cheeseburger in paradise,recipe_or_dish,18100.0,29.0,Tier 1,18100.0,Cheeseburger Paradise Recipe,seo_target,
2,not_started,best way to reheat steak,recipe_or_dish,18100.0,25.0,Tier 1,18100.0,Way Reheat Steak Recipe,seo_target,
2,not_started,mexican chips,ingredient_hub,18100.0,21.0,Tier 1,18100.0,Mexican Chips Recipe,seo_target,
2,not_started,fuzzy navel,ingredient_hub,18100.0,29.0,Tier 1,18100.0,Fuzzy Navel Recipe,seo_target,
2,not_started,yukon gold potatoes for potato salad,recipe_or_dish,18100.0,28.0,Tier 1,18100.0,Yukon Gold Potatoe Potato Salad Recipe,seo_target,
2,not_started,biscoff ice cream,recipe_or_dish,18100.0,23.0,Tier 1,18100.0,Biscoff Ice Cream Recipe,seo_target,
2,not_started,does honey go bad,recipe_or_dish,18100.0,23.0,Tier 1,18100.0,Honey Go Bad Recipe,seo_target,
2,not_started,corn dip recipe,recipe_or_dish,18100.0,28.0,Tier 1,18100.0,Corn Dip Recipe,seo_target,
2,not_started,croissants,ingredient_hub,18100.0,29.0,Tier 1,18100.0,Croissant Recipe,seo_target,
2,not_started,hamachi crudo,ingredient_hub,18100.0,21.0,Tier 1,18100.0,Hamachi Crudo Recipe,seo_target,
2,not_started,malibu bay breeze,recipe_or_dish,18100.0,20.0,Tier 1,18100.0,Malibu Bay Breeze Recipe,seo_target,
2,not_started,powdered sugar icing,recipe_or_dish,18100.0,25.0,Tier 1,18100.0,Powdered Sugar Icing Recipe,seo_target,
2,not_started,how to cook a turkey breast,howto_technique,18100.0,27.0,Tier 1,18100.0,Turkey Breast Recipe,seo_target,
2,not_started,best bourbon,ingredient_hub,18100.0,24.0,Tier 1,18100.0,Bourbon Recipe,seo_target,
2,not_started,pad kra pao,recipe_or_dish,18100.0,25.0,Tier 1,18100.0,Pad Kra Pao Recipe,seo_target,
2,not_started,gluten free cereal,recipe_or_dish,18100.0,20.0,Tier 1,18100.0,Gluten Free Cereal Recipe,seo_target,
2,not_started,cocktail garnishing tips,recipe_or_dish,18100.0,25.0,Tier 1,18100.0,Cocktail Garnishing Tip Recipe,seo_target,
2,not_started,is pickle juice good for you,recipe_or_dish,18100.0,26.0,Tier 1,18100.0,Is Pickle Juice Good Safety? Complete Guide,seo_target,
2,not_started,Tilefish,ingredient_hub,18100.0,28.0,Tier 1,18100.0,Tilefish Recipe,seo_target,
2,not_started,is hummus good for you,recipe_or_dish,18100.0,29.0,Tier 1,18100.0,Is Hummus Good Safety? Complete Guide,seo_target,
2,not_started,plant based protein bars,recipe_or_dish,18100.0,26.0,Tier 1,18100.0,Plant Based Protein Bar Recipe,seo_target,
2,not_started,irish cream,ingredient_hub,18100.0,27.0,Tier 1,18100.0,Irish Cream Recipe,seo_target,
2,not_started,au poivre sauce,recipe_or_dish,18100.0,27.0,Tier 1,18100.0,Au Poivre Sauce Recipe,seo_target,
2,not_started,storing groceries,ingredient_hub,18100.0,28.0,Tier 1,18100.0,Storing Grocery Recipe,seo_target,
2,not_started,duck duck confit,recipe_or_dish,18100.0,24.0,Tier 1,18100.0,Duck Duck Confit Recipe,seo_target,
2,not_started,white sweet potato,recipe_or_dish,18100.0,19.0,Tier 1,18100.0,White Sweet Potato Recipe,seo_target,
2,not_started,japanese desserts,ingredient_hub,18100.0,24.0,Tier 1,18100.0,Japanese Dessert Recipe,seo_target,
2,not_started,low fat cottage cheese,recipe_or_dish,18100.0,20.0,Tier 1,18100.0,Low Fat Cottage Cheese Recipe,seo_target,
2,not_started,vegg list,ingredient_hub,18100.0,6.0,Tier 1,18100.0,Vegg List Recipe,seo_target,
2,not_started,pickled beets,ingredient_hub,18100.0,26.0,Tier 1,18100.0,Pickled Beet Recipe,seo_target,
2,not_started,fire cider,ingredient_hub,18100.0,24.0,Tier 1,18100.0,Fire Cider Recipe,seo_target,
2,not_started,boston butt,ingredient_hub,18100.0,20.0,Tier 1,18100.0,Boston Butt Recipe,seo_target,
2,not_started,low calorie ice cream,recipe_or_dish,18100.0,22.0,Tier 1,18100.0,Low Calorie Ice Cream Recipe,seo_target,
2,not_started,Burgerow,ingredient_hub,18100.0,24.0,Tier 1,18100.0,Burgerow Recipe,seo_target,
2,not_started,ramen bowl,ingredient_hub,18100.0,26.0,Tier 1,18100.0,Ramen Bowl Recipe,seo_target,
2,not_started,How to Feed Sourdough Starter,howto_technique,18100.0,27.0,Tier 1,18100.0,Feed Sourdough Starter Recipe,seo_target,
2,not_started,how to use a pizza stone,howto_technique,18100.0,25.0,Tier 1,18100.0,Use Pizza Stone Recipe,seo_target,
2,not_started,cavatelli pasta,ingredient_hub,18100.0,24.0,Tier 1,18100.0,Cavatelli Pasta Recipe,seo_target,
2,not_started,chocolate pie,ingredient_hub,18100.0,26.0,Tier 1,18100.0,Chocolate Pie Recipe,seo_target,
2,not_started,beef shank recipe,recipe_or_dish,14800.0,29.0,Tier 1,14800.0,beef shank recipe,seo_target,keyword_gap_find
2,not_started,hot chocolate with mexican chocolate,recipe_or_dish,14800.0,29.0,Tier 1,14800.0,Hot Chocolate Mexican Chocolate Recipe,seo_target,
2,not_started,ponche,ingredient_hub,14800.0,25.0,Tier 1,14800.0,Ponche Recipe,seo_target,
2,not_started,Sotol,ingredient_hub,14800.0,20.0,Tier 1,14800.0,Sotol Recipe,seo_target,
2,not_started,halal chicken,ingredient_hub,14800.0,25.0,Tier 1,14800.0,Halal Chicken Recipe,seo_target,
2,not_started,italian appetizers,ingredient_hub,14800.0,22.0,Tier 1,14800.0,Italian Appetizer Recipe,seo_target,
2,not_started,tenderloin steak,ingredient_hub,14800.0,27.0,Tier 1,14800.0,Tenderloin Steak Recipe,seo_target,
2,not_started,dubai chocolate strawberries,recipe_or_dish,14800.0,28.0,Tier 1,14800.0,Dubai Chocolate Strawberry Recipe,seo_target,
2,not_started,Raki,ingredient_hub,14800.0,27.0,Tier 1,14800.0,Raki Recipe,seo_target,
2,not_started,semifreddo,ingredient_hub,14800.0,27.0,Tier 1,14800.0,Semifreddo Recipe,seo_target,
2,not_started,tomato puree,ingredient_hub,14800.0,21.0,Tier 1,14800.0,Tomato Puree Recipe,seo_target,
2,not_started,oreo cheesecake recipe,recipe_or_dish,14800.0,28.0,Tier 1,14800.0,Oreo Cheesecake Recipe,seo_target,
2,not_started,sugar free jello,recipe_or_dish,14800.0,16.0,Tier 1,14800.0,Sugar Free Jello Recipe,seo_target,
2,not_started,how to soften butter,howto_technique,14800.0,21.0,Tier 1,14800.0,Soften Butter Recipe,seo_target,
2,not_started,grits recipe,recipe_or_dish,14800.0,28.0,Tier 1,14800.0,grits recipe,seo_target,keyword_gap_find
2,not_started,are yams and sweet potatoes the same,recipe_or_dish,14800.0,27.0,Tier 1,14800.0,are yams and sweet potatoes the same,seo_target,keyword_gap_find
2,not_started,pasta mass,ingredient_hub,14800.0,28.0,Tier 1,14800.0,Pasta Mass Recipe,seo_target,
2,not_started,roast duck and,recipe_or_dish,14800.0,28.0,Tier 1,14800.0,roast duck and,seo_target,allrecipes_mobile_find
2,not_started,How to Reverse Sear a Steak,howto_technique,14800.0,25.0,Tier 1,14800.0,Reverse Sear Steak Recipe,seo_target,
2,not_started,dishes with rhubarb,recipe_or_dish,14800.0,28.0,Tier 1,14800.0,Dishe Rhubarb Recipe,seo_target,
2,not_started,chili cheese fries,recipe_or_dish,14800.0,28.0,Tier 1,14800.0,Chili Cheese Fries Recipe,seo_target,
2,not_started,Egyptian Food,ingredient_hub,14800.0,27.0,Tier 1,14800.0,Egyptian Recipes: Our Best Collection,seo_target,
2,not_started,smoked turkey breast,recipe_or_dish,14800.0,26.0,Tier 1,14800.0,Smoked Turkey Breast Recipe,seo_target,
2,not_started,beef bone broth,recipe_or_dish,14800.0,29.0,Tier 1,14800.0,beef bone broth,seo_target,allrecipes_mobile_find
2,not_started,how much lemon juice in one lemon,howto_technique,14800.0,25.0,Tier 1,14800.0,How Much Lemon Juice One Lemon Recipe,seo_target,
2,not_started,how to keep apples from turning brown,howto_technique,14800.0,23.0,Tier 1,14800.0,Keep Apple From Turning Brown Recipe,seo_target,
2,not_started,jammy eggs,ingredient_hub,14800.0,26.0,Tier 1,14800.0,Jammy Egg Recipe,seo_target,
2,not_started,how long is pizza good for in the fridge,howto_technique,14800.0,23.0,Tier 1,14800.0,How Long Pizza Good Fridge Recipe,seo_target,
2,not_started,blue java banana,recipe_or_dish,14800.0,25.0,Tier 1,14800.0,Blue Java Banana Recipe,seo_target,
2,not_started,brocoli,ingredient_hub,14800.0,16.0,Tier 1,14800.0,Brocoli Recipe,seo_target,
2,not_started,georgian food,ingredient_hub,14800.0,29.0,Tier 1,14800.0,Georgian Recipes: Our Best Collection,seo_target,
2,not_started,white miso paste,recipe_or_dish,14800.0,24.0,Tier 1,14800.0,White Miso Paste Recipe,seo_target,
2,not_started,sock it to me cake,recipe_or_dish,14800.0,24.0,Tier 1,14800.0,Sock Cake Recipe,seo_target,
2,not_started,miloterranean,ingredient_hub,14800.0,17.0,Tier 1,14800.0,Miloterranean Recipe,seo_target,
2,not_started,salt and peppercorn,recipe_or_dish,14800.0,12.0,Tier 1,14800.0,Salt Peppercorn Recipe,seo_target,
2,not_started,trout fish,ingredient_hub,14800.0,27.0,Tier 1,14800.0,Trout Fish Recipe,seo_target,
2,not_started,lechuga,ingredient_hub,14800.0,28.0,Tier 1,14800.0,Lechuga Recipe,seo_target,
2,not_started,how to eat crawfish,howto_technique,14800.0,28.0,Tier 1,14800.0,Eat Crawfish Recipe,seo_target,
2,not_started,armagnac,ingredient_hub,14800.0,25.0,Tier 1,14800.0,Armagnac Recipe,seo_target,
2,not_started,okonomiyaki recipe,recipe_or_dish,14800.0,28.0,Tier 1,14800.0,Okonomiyaki Recipe,seo_target,
2,not_started,golden syrup,ingredient_hub,14800.0,25.0,Tier 1,14800.0,Golden Syrup Recipe,seo_target,
2,not_started,jiffy corn muffin mix,recipe_or_dish,14800.0,27.0,Tier 1,14800.0,Jiffy Corn Muffin Mix Recipe,seo_target,
2,not_started,five cheese ziti al forno,recipe_or_dish,14800.0,24.0,Tier 1,14800.0,Five Cheese Ziti Al Forno Recipe,seo_target,
2,not_started,pho tai,ingredient_hub,14800.0,20.0,Tier 1,14800.0,Pho Tai Recipe,seo_target,
2,not_started,salmon salad,ingredient_hub,14800.0,27.0,Tier 1,14800.0,Salmon Salad Recipe,seo_target,
2,not_started,Poppy Seed Chicken,recipe_or_dish,14800.0,22.0,Tier 1,14800.0,Poppy Seed Chicken Recipe,seo_target,
2,not_started,shrimp chips,ingredient_hub,14800.0,26.0,Tier 1,14800.0,Shrimp Chips Recipe,seo_target,
2,not_started,strawberry matcha,ingredient_hub,14800.0,12.0,Tier 1,14800.0,Strawberry Matcha Recipe,seo_target,
2,not_started,gruyere is similar to what cheese,recipe_or_dish,14800.0,24.0,Tier 1,14800.0,Gruyere Similar What Cheese Recipe,seo_target,
2,not_started,moo shu chicken,recipe_or_dish,14800.0,24.0,Tier 1,14800.0,Moo Shu Chicken Recipe,seo_target,
2,not_started,Napoleon Cake,ingredient_hub,14800.0,27.0,Tier 1,14800.0,Napoleon Cake Recipe,seo_target,
2,not_started,King Trumpet Mushroom,recipe_or_dish,14800.0,29.0,Tier 1,14800.0,King Trumpet Mushroom Recipe,seo_target,
2,not_started,Chick Fil A Sauce Recipe,recipe_or_dish,14800.0,28.0,Tier 1,14800.0,Chick Fil Sauce Recipe,seo_target,
2,not_started,cake with dog,recipe_or_dish,14800.0,23.0,Tier 1,14800.0,Cake Dog Recipe,seo_target,
2,not_started,texas roadhouse butter,recipe_or_dish,14800.0,28.0,Tier 1,14800.0,texas roadhouse butter,seo_target,allrecipes_mobile_find
2,not_started,country style pork ribs,recipe_or_dish,14800.0,22.0,Tier 1,14800.0,country style pork ribs,seo_target,allrecipes_mobile_find
2,not_started,white chocolate macadamia nut cookies,recipe_or_dish,14800.0,27.0,Tier 1,14800.0,White Chocolate Macadamia Nut Cookies Recipe,seo_target,
2,not_started,arby's restaurant closures,recipe_or_dish,14800.0,25.0,Tier 1,14800.0,arby's restaurant closures,seo_target,brand_news_reactive
2,not_started,dry white wine for cooking,recipe_or_dish,14800.0,18.0,Tier 1,14800.0,Dry White Wine Cooking Recipe,seo_target,
2,not_started,how to cut dragon fruit,howto_technique,14800.0,17.0,Tier 1,14800.0,Cut Dragon Fruit Recipe,seo_target,
2,not_started,divinity candy,ingredient_hub,14800.0,26.0,Tier 1,14800.0,Divinity Candy Recipe,seo_target,
2,not_started,bloody mary mix,recipe_or_dish,14800.0,29.0,Tier 1,14800.0,Bloody Mary Mix Recipe,seo_target,
2,not_started,1993 chinese zodiac,recipe_or_dish,14800.0,26.0,Tier 1,14800.0,1993 Chinese Zodiac Recipe,seo_target,
2,not_started,how much juice in one lemon,howto_technique,14800.0,23.0,Tier 1,14800.0,How Much Juice One Lemon Recipe,seo_target,
2,not_started,filled chocolates,ingredient_hub,14800.0,10.0,Tier 1,14800.0,Filled Chocolate Recipe,seo_target,
2,not_started,Tartar Sauce,ingredient_hub,14800.0,22.0,Tier 1,14800.0,Tartar Sauce Recipe,seo_target,
2,not_started,spagetti,ingredient_hub,14800.0,22.0,Tier 1,14800.0,Spagetti Recipe,seo_target,
2,not_started,biggie bag,ingredient_hub,14800.0,27.0,Tier 1,14800.0,biggie bag,seo_target,brand_news_reactive
2,not_started,blueberry pie oreos,recipe_or_dish,14800.0,28.0,Tier 1,14800.0,Blueberry Pie Oreos Recipe,seo_target,
2,not_started,veal chop,ingredient_hub,14800.0,19.0,Tier 1,14800.0,Veal Chop Recipe,seo_target,
2,not_started,lemon cucumber,ingredient_hub,14800.0,19.0,Tier 1,14800.0,Lemon Cucumber Recipe,seo_target,
2,not_started,mizuna,ingredient_hub,14800.0,27.0,Tier 1,14800.0,Mizuna Recipe,seo_target,
2,not_started,How to Tell If Eggs Are Still Good,howto_technique,14800.0,26.0,Tier 1,14800.0,Tell If Egg Are Still Good Recipe,seo_target,
2,not_started,chile poblano,ingredient_hub,14800.0,27.0,Tier 1,14800.0,Chile Poblano Recipe,seo_target,
2,not_started,Garganelli,ingredient_hub,14800.0,13.0,Tier 1,14800.0,Garganelli Recipe,seo_target,
2,not_started,gingerbread houses,ingredient_hub,14800.0,29.0,Tier 1,14800.0,Gingerbread House Recipe,seo_target,
2,not_started,platanos,ingredient_hub,14800.0,25.0,Tier 1,14800.0,Platano Recipe,seo_target,
2,not_started,lahmacun,ingredient_hub,14800.0,29.0,Tier 1,14800.0,Lahmacun Recipe,seo_target,
2,not_started,swiss chard and,recipe_or_dish,14800.0,26.0,Tier 1,14800.0,swiss chard and,seo_target,allrecipes_mobile_find
2,not_started,pre training snack,recipe_or_dish,14800.0,27.0,Tier 1,14800.0,Pre Training Snack Recipe,seo_target,
2,not_started,how long does ground beef last in the fridge,howto_technique,14800.0,19.0,Tier 1,14800.0,How Long Ground Beef Last Fridge Recipe,seo_target,
2,not_started,habichuelas,ingredient_hub,14800.0,23.0,Tier 1,14800.0,Habichuela Recipe,seo_target,
2,not_started,iranian cucumbers,ingredient_hub,14800.0,24.0,Tier 1,14800.0,iranian cucumbers,seo_target,allrecipes_mobile_find
2,not_started,protein oatmeal,ingredient_hub,14800.0,25.0,Tier 1,14800.0,Protein Oatmeal Recipe,seo_target,
2,not_started,totopos,ingredient_hub,14800.0,26.0,Tier 1,14800.0,Totopo Recipe,seo_target,
2,not_started,Mexican Seasoning,ingredient_hub,14800.0,19.0,Tier 1,14800.0,Mexican Seasoning Recipe,seo_target,
2,not_started,does beer expire,recipe_or_dish,14800.0,23.0,Tier 1,14800.0,Beer Expire Recipe,seo_target,
2,not_started,rum and coke,recipe_or_dish,14800.0,27.0,Tier 1,14800.0,Rum Coke Recipe,seo_target,
2,not_started,cheese whiz,ingredient_hub,14800.0,26.0,Tier 1,14800.0,Cheese Whiz Recipe,seo_target,
2,not_started,dumpling wrappers,ingredient_hub,14800.0,22.0,Tier 1,14800.0,Dumpling Wrapper Recipe,seo_target,
2,not_started,endives,ingredient_hub,14800.0,19.0,Tier 1,14800.0,Endive Recipe,seo_target,
2,not_started,spaghetti,ingredient_hub,14800.0,23.0,Tier 1,14800.0,Spaghetti Recipe,seo_target,
2,not_started,cannellini beans chicken chili,recipe_or_dish,14800.0,28.0,Tier 1,14800.0,cannellini beans chicken chili,seo_target,allrecipes_mobile_find
2,not_started,chuleta,ingredient_hub,14800.0,25.0,Tier 1,14800.0,Chuleta Recipe,seo_target,
2,not_started,Peking Duck Recipe,recipe_or_dish,14800.0,19.0,Tier 1,14800.0,Peking Duck Recipe,seo_target,
2,not_started,spiral ham,ingredient_hub,14800.0,26.0,Tier 1,14800.0,Spiral Ham Recipe,seo_target,
2,not_started,taco sauce,ingredient_hub,14800.0,29.0,Tier 1,14800.0,taco sauce,seo_target,allrecipes_mobile_find
2,not_started,marshmallow butterfinger,ingredient_hub,14800.0,28.0,Tier 1,14800.0,marshmallow butterfinger,seo_target,allrecipes_mobile_find
2,not_started,korean bbq sauce,recipe_or_dish,14800.0,27.0,Tier 1,14800.0,Korean Barbecue Sauce Recipe,seo_target,
2,not_started,are potatoes gluten free,recipe_or_dish,14800.0,23.0,Tier 1,14800.0,Are Potatoe Gluten Free Recipe,seo_target,
2,not_started,How to Cook Pork Tenderloin,howto_technique,14800.0,28.0,Tier 1,14800.0,Pork Tenderloin Recipe,seo_target,
2,not_started,paleta,ingredient_hub,14800.0,17.0,Tier 1,14800.0,Paleta Recipe,seo_target,
2,not_started,prime rib and rib roast,recipe_or_dish,14800.0,28.0,Tier 1,14800.0,Prime Rib Rib Roast Recipe,seo_target,
2,not_started,buc ee's beaver nuggets,recipe_or_dish,14800.0,29.0,Tier 1,14800.0,Buc Ees Beaver Nuggets Recipe,seo_target,
2,not_started,caribbean food,ingredient_hub,14800.0,28.0,Tier 1,14800.0,Caribbean Recipes: Our Best Collection,seo_target,
2,not_started,overripe banana recipes,recipe_or_dish,14800.0,23.0,Tier 1,14800.0,Overripe Banana Recipe,seo_target,
2,not_started,rigatoni alla vodka,recipe_or_dish,14800.0,19.0,Tier 1,14800.0,Rigatoni Alla Vodka Recipe,seo_target,
2,not_started,mini pancakes,ingredient_hub,14800.0,27.0,Tier 1,14800.0,Mini Pancakes Recipe,seo_target,
2,not_started,romano cheese,ingredient_hub,14800.0,22.0,Tier 1,14800.0,Romano Cheese Recipe,seo_target,
2,not_started,Rainbow Roll,ingredient_hub,14800.0,11.0,Tier 1,14800.0,Rainbow Roll Recipe,seo_target,
2,not_started,japan food,ingredient_hub,14800.0,26.0,Tier 1,14800.0,Japan Recipes: Our Best Collection,seo_target,
2,not_started,cook gravy chicken,recipe_or_dish,14800.0,29.0,Tier 1,14800.0,cook gravy chicken,seo_target,allrecipes_mobile_find
2,not_started,veggie burger,ingredient_hub,14800.0,24.0,Tier 1,14800.0,Vegetable Burger Recipe,seo_target,
2,not_started,chicken cheez,ingredient_hub,14800.0,18.0,Tier 1,14800.0,Chicken Cheez Recipe,seo_target,
2,not_started,taru taru sauce,recipe_or_dish,14800.0,28.0,Tier 1,14800.0,Taru Taru Sauce Recipe,seo_target,
2,not_started,chicken and noodles recipe,recipe_or_dish,14800.0,27.0,Tier 1,14800.0,Chicken Noodles Recipe,seo_target,
2,not_started,turkey sandwich,ingredient_hub,14800.0,29.0,Tier 1,14800.0,Turkey Sandwich Recipe,seo_target,
2,not_started,Shochu,ingredient_hub,14800.0,20.0,Tier 1,14800.0,Shochu Recipe,seo_target,
2,not_started,15 bean soup,recipe_or_dish,14800.0,27.0,Tier 1,14800.0,15 Bean Soup Recipe,seo_target,
2,not_started,rump roast,ingredient_hub,14800.0,22.0,Tier 1,14800.0,Rump Roast Recipe,seo_target,
2,not_started,fruit ice cream,recipe_or_dish,14800.0,29.0,Tier 1,14800.0,Fruit Ice Cream Recipe,seo_target,
2,not_started,how to make iced coffee at home,howto_technique,14800.0,28.0,Tier 1,14800.0,how to make iced coffee at home,seo_target,allrecipes_mobile_find
2,not_started,Brown Sauce Sauces,recipe_or_dish,14800.0,24.0,Tier 1,14800.0,Brown Sauce Sauce Recipe,seo_target,
2,not_started,burger vegetariani,ingredient_hub,14800.0,24.0,Tier 1,14800.0,Burger Vegetariani Recipe,seo_target,
2,not_started,creamsicle,ingredient_hub,14800.0,27.0,Tier 1,14800.0,Creamsicle Recipe,seo_target,
2,not_started,garlic parmesan wings,recipe_or_dish,14800.0,29.0,Tier 1,14800.0,Garlic Parmesan Wings Recipe,seo_target,
2,not_started,prosciuttini,ingredient_hub,14800.0,9.0,Tier 1,14800.0,Prosciuttini Recipe,seo_target,
2,not_started,candied salmon,ingredient_hub,14800.0,11.0,Tier 1,14800.0,Candied Salmon Recipe,seo_target,
2,not_started,imitation crab kani,recipe_or_dish,14800.0,26.0,Tier 1,14800.0,Imitation Crab Kani Recipe,seo_target,
2,not_started,grated parmesan cheese,recipe_or_dish,14800.0,29.0,Tier 1,14800.0,Grated Parmesan Cheese Recipe,seo_target,
2,not_started,granny smith apples for apple crisp,recipe_or_dish,14800.0,17.0,Tier 1,14800.0,Granny Smith Apple Apple Crisp Recipe,seo_target,
2,not_started,shrimp fra diavolo,recipe_or_dish,14800.0,25.0,Tier 1,14800.0,Shrimp Fra Diavolo Recipe,seo_target,
2,not_started,sloe gin,ingredient_hub,14800.0,27.0,Tier 1,14800.0,Sloe Gin Recipe,seo_target,
2,not_started,pizza burger,ingredient_hub,14800.0,25.0,Tier 1,14800.0,Pizza Burger Recipe,seo_target,
2,not_started,lobster ravioli,ingredient_hub,14800.0,21.0,Tier 1,14800.0,Lobster Ravioli Recipe,seo_target,
2,not_started,steak doneness,ingredient_hub,14800.0,26.0,Tier 1,14800.0,Steak Doneness Recipe,seo_target,
2,not_started,gluten free donuts,recipe_or_dish,14800.0,28.0,Tier 1,14800.0,Gluten Free Donut Recipe,seo_target,
2,not_started,candy apple,ingredient_hub,14800.0,22.0,Tier 1,14800.0,Candy Apple Recipe,seo_target,
2,not_started,sunday gravy,ingredient_hub,14800.0,27.0,Tier 1,14800.0,Sunday Gravy Recipe,seo_target,
2,not_started,Best Breakfast,ingredient_hub,14800.0,13.0,Tier 1,14800.0,Breakfast Recipe,seo_target,
2,not_started,jiffy cornbread,ingredient_hub,14800.0,23.0,Tier 1,14800.0,Jiffy Cornbread Recipe,seo_target,
2,not_started,Waldorf Salad Recipe,recipe_or_dish,14800.0,26.0,Tier 1,14800.0,Waldorf Salad Recipe,seo_target,
2,not_started,lowest calorie alcohol,recipe_or_dish,14800.0,16.0,Tier 1,14800.0,Lowest Calorie Alcohol Recipe,seo_target,
2,not_started,chicken thigh calories,recipe_or_dish,14800.0,19.0,Tier 1,14800.0,Chicken Thigh Calory Recipe,seo_target,
2,not_started,Dutch Oven Bread,recipe_or_dish,14800.0,28.0,Tier 1,14800.0,Dutch Oven Bread Recipe,seo_target,
2,not_started,nitro cold brew,recipe_or_dish,14800.0,26.0,Tier 1,14800.0,Nitro Cold Brew Recipe,seo_target,
2,not_started,butter cookie recipe,recipe_or_dish,14800.0,26.0,Tier 1,14800.0,Butter Cookie Recipe,seo_target,
2,not_started,sugar free syrup,recipe_or_dish,14800.0,24.0,Tier 1,14800.0,Sugar Free Syrup Recipe,seo_target,
2,not_started,vegan desserts,ingredient_hub,14800.0,26.0,Tier 1,14800.0,Vegan Dessert Recipe,seo_target,
2,not_started,sharp cheddar cheese for mac and cheese,recipe_or_dish,14800.0,21.0,Tier 1,14800.0,Sharp Cheddar Cheese Macaroni Cheese Recipe,seo_target,
2,not_started,Campechano,ingredient_hub,14800.0,23.0,Tier 1,14800.0,Campechano Recipe,seo_target,
2,not_started,tacos al carbon,recipe_or_dish,14800.0,25.0,Tier 1,14800.0,Tacos Al Carbon Recipe,seo_target,
2,not_started,street corn dip,recipe_or_dish,14800.0,28.0,Tier 1,14800.0,Street Corn Dip Recipe,seo_target,
2,not_started,strozzapreti,ingredient_hub,14800.0,29.0,Tier 1,14800.0,Strozzapreti Recipe,seo_target,
2,not_started,chicken apple sausage,recipe_or_dish,14800.0,16.0,Tier 1,14800.0,Chicken Apple Sausage Recipe,seo_target,
2,not_started,nanaimo slice,ingredient_hub,14800.0,26.0,Tier 1,14800.0,Nanaimo Slice Recipe,seo_target,
2,not_started,red pepper flakes chili flakes,recipe_or_dish,14800.0,23.0,Tier 1,14800.0,Red Pepper Flake Chili Flake Recipe,seo_target,
2,not_started,how to dice an onion,howto_technique,14800.0,24.0,Tier 1,14800.0,Dice Onion Recipe,seo_target,
2,not_started,crockpot soup recipes,recipe_or_dish,14800.0,26.0,Tier 1,14800.0,Crockpot Soup Recipe,seo_target,
2,not_started,green spaghetti,ingredient_hub,14800.0,29.0,Tier 1,14800.0,Green Spaghetti Recipe,seo_target,
2,not_started,kitchen sink cookies,recipe_or_dish,14800.0,29.0,Tier 1,14800.0,Kitchen Sink Cookies Recipe,seo_target,
2,not_started,gluten free breakfast,recipe_or_dish,14800.0,28.0,Tier 1,14800.0,Gluten Free Breakfast Recipe,seo_target,
2,not_started,leche condensada,ingredient_hub,14800.0,29.0,Tier 1,14800.0,Leche Condensada Recipe,seo_target,
2,not_started,spicy tuna roll,recipe_or_dish,14800.0,29.0,Tier 1,14800.0,Spicy Tuna Roll Recipe,seo_target,
2,not_started,best lunch,ingredient_hub,14800.0,29.0,Tier 1,14800.0,Lunch Recipe,seo_target,
2,not_started,carne picada,ingredient_hub,14800.0,20.0,Tier 1,14800.0,Carne Picada Recipe,seo_target,
2,not_started,strawberry milk,ingredient_hub,14800.0,27.0,Tier 1,14800.0,Strawberry Milk Recipe,seo_target,
2,not_started,poke recipe,recipe_or_dish,14800.0,25.0,Tier 1,14800.0,Poke Recipe,seo_target,
2,not_started,crock pot beef stew,recipe_or_dish,14800.0,29.0,Tier 1,14800.0,crock pot beef stew,seo_target,allrecipes_mobile_find
2,not_started,Yukon Gold Mashed Potatoes,recipe_or_dish,14800.0,23.0,Tier 1,14800.0,Yukon Gold Mashed Potatoe Recipe,seo_target,
2,not_started,rum runner,ingredient_hub,14800.0,24.0,Tier 1,14800.0,Rum Runner Recipe,seo_target,
2,not_started,65 in chicken 65,recipe_or_dish,14800.0,27.0,Tier 1,14800.0,65 Chicken 65 Recipe,seo_target,
2,not_started,milchschek,ingredient_hub,14800.0,28.0,Tier 1,14800.0,Milchschek Recipe,seo_target,
2,not_started,how to smoke a brisket,howto_technique,14800.0,23.0,Tier 1,14800.0,Smoke Brisket Recipe,seo_target,
2,not_started,flying dutchman burger,recipe_or_dish,14800.0,22.0,Tier 1,14800.0,Flying Dutchman Burger Recipe,seo_target,
2,not_started,Chicken Bone Broth,recipe_or_dish,14800.0,27.0,Tier 1,14800.0,Chicken Bone Broth Recipe,seo_target,
2,not_started,roast duck,ingredient_hub,14800.0,25.0,Tier 1,14800.0,Roast Duck Recipe,seo_target,
2,not_started,Cuban Sandwich Recipe,recipe_or_dish,14800.0,23.0,Tier 1,14800.0,Cuban Sandwich Recipe,seo_target,
2,not_started,starbucks egg bites recipe,recipe_or_dish,14800.0,24.0,Tier 1,14800.0,Starbuck Egg Bite Recipe,seo_target,
2,not_started,Easy Paraguayan Recipes at Home,recipe_or_dish,14800.0,14.0,Tier 1,14800.0,Paraguayan at Home Recipe,seo_target,
2,not_started,palm sugar coconut,recipe_or_dish,14800.0,28.0,Tier 1,14800.0,Palm Sugar Coconut Recipe,seo_target,
2,not_started,split peas,ingredient_hub,14800.0,26.0,Tier 1,14800.0,Split Pea Recipe,seo_target,
2,not_started,cheesy chicken,ingredient_hub,14800.0,18.0,Tier 1,14800.0,Cheesy Chicken Recipe,seo_target,
2,not_started,dry brine turkey,recipe_or_dish,14800.0,27.0,Tier 1,14800.0,Dry Brine Turkey Recipe,seo_target,
2,not_started,rigatoni bolognese,ingredient_hub,14800.0,29.0,Tier 1,14800.0,Rigatoni Bolognese Recipe,seo_target,
2,not_started,crescent rolls,ingredient_hub,14800.0,28.0,Tier 1,14800.0,Crescent Roll Recipe,seo_target,
2,not_started,vada pav,ingredient_hub,14800.0,27.0,Tier 1,14800.0,Vada Pav Recipe,seo_target,
2,not_started,Spicy Noodles,ingredient_hub,14800.0,26.0,Tier 1,14800.0,Spicy Noodles Recipe,seo_target,
2,not_started,jelly roll pan,recipe_or_dish,14800.0,28.0,Tier 1,14800.0,jelly roll pan,seo_target,allrecipes_mobile_find
2,not_started,poppy seed,ingredient_hub,14800.0,24.0,Tier 1,14800.0,"Poppy Seed: Uses, Substitutes & Recipes",seo_target,herbs_spices
2,not_started,york peppermint patty,recipe_or_dish,14800.0,28.0,Tier 1,14800.0,York Peppermint Patty Recipe,seo_target,
2,not_started,rice wine,ingredient_hub,14800.0,28.0,Tier 1,14800.0,Rice Wine Recipe,seo_target,
2,not_started,conch fritters,ingredient_hub,14800.0,18.0,Tier 1,14800.0,Conch Fritter Recipe,seo_target,
2,not_started,irish butter,ingredient_hub,14800.0,22.0,Tier 1,14800.0,Irish Butter Recipe,seo_target,
2,not_started,algae cooking oil,recipe_or_dish,14800.0,22.0,Tier 1,14800.0,Algae Cooking Oil Recipe,seo_target,
3,not_started,red banana,ingredient_hub,14800.0,24.0,Tier 1,14800.0,Red Banana Recipe,seo_target,
3,not_started,encebollado,ingredient_hub,14800.0,29.0,Tier 1,14800.0,Encebollado Recipe,seo_target,
3,not_started,choripan,ingredient_hub,14800.0,28.0,Tier 1,14800.0,Choripan Recipe,seo_target,
3,not_started,charcuterie cups,ingredient_hub,14800.0,16.0,Tier 1,14800.0,Charcuterie Cup Recipe,seo_target,
3,not_started,gluten free cinnamon rolls,recipe_or_dish,14800.0,28.0,Tier 1,14800.0,Gluten Free Cinnamon Roll Recipe,seo_target,
3,not_started,superfine sugar,ingredient_hub,14800.0,25.0,Tier 1,14800.0,Superfine Sugar Recipe,seo_target,
3,not_started,cracker barrel meatloaf recipe,recipe_or_dish,14800.0,28.0,Tier 1,14800.0,Cracker Barrel Meatloaf Recipe,seo_target,
3,not_started,frozen shrimp,ingredient_hub,14800.0,20.0,Tier 1,14800.0,Frozen Shrimp Recipe,seo_target,
3,not_started,how to boil sweet potatoes,howto_technique,14800.0,17.0,Tier 1,14800.0,Boil Sweet Potatoe Recipe,seo_target,
3,not_started,neufchatel cheese,ingredient_hub,14800.0,27.0,Tier 1,14800.0,Neufchatel Cheese Recipe,seo_target,
3,not_started,egg noodle recipes,recipe_or_dish,14800.0,28.0,Tier 1,14800.0,egg noodle recipes,seo_target,allrecipes_mobile_find
3,not_started,chicken recipes with chicken legs,recipe_or_dish,14800.0,23.0,Tier 1,14800.0,chicken recipes with chicken legs,seo_target,allrecipes_mobile_find
3,not_started,pepsi starry astrophage burst,recipe_or_dish,14800.0,28.0,Tier 1,14800.0,pepsi starry astrophage burst,seo_target,brand_news_reactive
3,not_started,palabok,ingredient_hub,14800.0,15.0,Tier 1,14800.0,Palabok Recipe,seo_target,
3,not_started,how to cut pineapple,howto_technique,14800.0,22.0,Tier 1,14800.0,Cut Pineapple Recipe,seo_target,
3,not_started,gluten free noodles,recipe_or_dish,14800.0,20.0,Tier 1,14800.0,Gluten Free Noodles Recipe,seo_target,
3,not_started,jelly bean,ingredient_hub,14800.0,26.0,Tier 1,14800.0,Jelly Bean Recipe,seo_target,
3,not_started,cow tongue,ingredient_hub,14800.0,17.0,Tier 1,14800.0,Cow Tongue Recipe,seo_target,
3,not_started,molasses molasses,ingredient_hub,14800.0,28.0,Tier 1,14800.0,Molasses Molasses Recipe,seo_target,
3,not_started,Mini Cupcakes,ingredient_hub,14800.0,14.0,Tier 1,14800.0,Mini Cupcake Recipe,seo_target,
3,not_started,gluten-free foods and snacks,recipe_or_dish,14800.0,18.0,Tier 1,14800.0,Glutenfree Food Snack Recipe,seo_target,
3,not_started,light rum for piña colada,recipe_or_dish,14800.0,20.0,Tier 1,14800.0,Light Rum Pia Colada Recipe,seo_target,
3,not_started,beef cheeks,ingredient_hub,14800.0,16.0,Tier 1,14800.0,Beef Cheek Recipe,seo_target,
3,not_started,ranch seasoning,ingredient_hub,14800.0,29.0,Tier 1,14800.0,Ranch Seasoning Recipe,seo_target,
3,not_started,baking powder and double acting baking powder,recipe_or_dish,14800.0,24.0,Tier 1,14800.0,Baking Powder Double Acting Baking Powder Recipe,seo_target,
3,not_started,streusel topping,ingredient_hub,14800.0,19.0,Tier 1,14800.0,Streusel Topping Recipe,seo_target,
3,not_started,broccoli,ingredient_hub,14800.0,16.0,Tier 1,14800.0,Broccoli Recipe,seo_target,
3,not_started,mexican cookies,ingredient_hub,14800.0,29.0,Tier 1,14800.0,Mexican Cookies Recipe,seo_target,
3,not_started,ripe banana,ingredient_hub,14800.0,23.0,Tier 1,14800.0,Ripe Banana Recipe,seo_target,
3,not_started,quesabirria tacos,ingredient_hub,14800.0,29.0,Tier 1,14800.0,quesabirria tacos,seo_target,allrecipes_mobile_find
3,not_started,shrimp po boy,recipe_or_dish,14800.0,24.0,Tier 1,14800.0,Shrimp Po Boy Recipe,seo_target,
3,not_started,mineral water and sparkling water,recipe_or_dish,14800.0,23.0,Tier 1,14800.0,Mineral Water Sparkling Water Recipe,seo_target,
3,not_started,alaskan roll,ingredient_hub,14800.0,18.0,Tier 1,14800.0,Alaskan Roll Recipe,seo_target,
3,not_started,shrimp shumai,ingredient_hub,14800.0,25.0,Tier 1,14800.0,Shrimp Shumai Recipe,seo_target,
3,not_started,Flank Steak for Beef and Broccoli,recipe_or_dish,14800.0,22.0,Tier 1,14800.0,Flank Steak Beef Broccoli Recipe,seo_target,
3,not_started,milkshake whey protein,recipe_or_dish,14800.0,26.0,Tier 1,14800.0,Milkshake Whey Protein Recipe,seo_target,
3,not_started,nanaimo bars,ingredient_hub,14800.0,26.0,Tier 1,14800.0,Nanaimo Bar Recipe,seo_target,
3,not_started,braciole recipe,recipe_or_dish,14800.0,29.0,Tier 1,14800.0,Braciole Recipe,seo_target,
3,not_started,absinthe,ingredient_hub,14800.0,18.0,Tier 1,14800.0,Absinthe Recipe,seo_target,
3,not_started,candied bacon,ingredient_hub,14800.0,21.0,Tier 1,14800.0,Candied Bacon Recipe,seo_target,
3,not_started,acini de pepe,recipe_or_dish,14800.0,26.0,Tier 1,14800.0,Acini De Pepe Recipe,seo_target,
3,not_started,pink chicken,ingredient_hub,14800.0,25.0,Tier 1,14800.0,Pink Chicken Recipe,seo_target,
3,not_started,dino ribs,ingredient_hub,14800.0,17.0,Tier 1,14800.0,Dino Ribs Recipe,seo_target,
3,not_started,how to pronounce the word gyro,howto_technique,14800.0,28.0,Tier 1,14800.0,Pronounce Word Gyro Recipe,seo_target,
3,not_started,chessman cookies,ingredient_hub,14800.0,20.0,Tier 1,14800.0,Chessman Cookies Recipe,seo_target,
3,not_started,honey crisp apples,recipe_or_dish,14800.0,29.0,Tier 1,14800.0,Honey Crisp Apple Recipe,seo_target,
3,not_started,Indian Small Plates and Cocktails,recipe_or_dish,14800.0,28.0,Tier 1,14800.0,Indian Small Plate Cocktail Recipe,seo_target,
3,not_started,fry bread recipe,recipe_or_dish,14800.0,24.0,Tier 1,14800.0,Fry Bread Recipe,seo_target,
3,not_started,sweet peppers,ingredient_hub,14800.0,17.0,Tier 1,14800.0,Sweet Pepper Recipe,seo_target,
3,not_started,chrysanthemum tea,ingredient_hub,14800.0,28.0,Tier 1,14800.0,Chrysanthemum Tea Recipe,seo_target,
3,not_started,swordfish recipe,recipe_or_dish,14800.0,28.0,Tier 1,14800.0,Swordfish Recipe,seo_target,
3,not_started,keto dinner ideas,recipe_or_dish,14800.0,22.0,Tier 1,14800.0,Keto Dinner Idea Recipe,seo_target,
3,not_started,How to Boil Chicken Breast,howto_technique,14800.0,29.0,Tier 1,14800.0,Boil Chicken Breast Recipe,seo_target,
3,not_started,kafta,ingredient_hub,14800.0,23.0,Tier 1,14800.0,Kafta Recipe,seo_target,
3,not_started,is red velvet chocolate,recipe_or_dish,14800.0,28.0,Tier 1,14800.0,Red Velvet Chocolate Recipe,seo_target,
3,not_started,spider roll,ingredient_hub,14800.0,21.0,Tier 1,14800.0,Spider Roll Recipe,seo_target,
3,not_started,chamoy pickle,ingredient_hub,14800.0,21.0,Tier 1,14800.0,Chamoy Pickle Recipe,seo_target,
3,not_started,chicken saltimbocca,ingredient_hub,14800.0,23.0,Tier 1,14800.0,Chicken Saltimbocca Recipe,seo_target,
3,not_started,heinz 57,recipe_or_dish,14800.0,26.0,Tier 1,14800.0,heinz 57,seo_target,allrecipes_mobile_find
3,not_started,hot chocolate mexicano,recipe_or_dish,14800.0,29.0,Tier 1,14800.0,Hot Chocolate Mexicano Recipe,seo_target,
3,not_started,non perishable food,recipe_or_dish,14800.0,24.0,Tier 1,14800.0,Non Perishable Food Recipe,seo_target,
3,not_started,clover club,ingredient_hub,14800.0,25.0,Tier 1,14800.0,Clover Club Recipe,seo_target,
3,not_started,repollo,ingredient_hub,14800.0,21.0,Tier 1,14800.0,Repollo Recipe,seo_target,
3,not_started,pork loin roast recipe,recipe_or_dish,14800.0,24.0,Tier 1,14800.0,Pork Loin Roast Recipe,seo_target,
3,not_started,mango glutinous rice recipe,recipe_or_dish,14800.0,27.0,Tier 1,14800.0,Mango Glutinous Rice Recipe,seo_target,
3,not_started,havarti,ingredient_hub,14800.0,28.0,Tier 1,14800.0,Havarti Recipe,seo_target,
3,not_started,chickis wings,ingredient_hub,14800.0,24.0,Tier 1,14800.0,Chickis Wings Recipe,seo_target,
3,not_started,asada tacos,ingredient_hub,14800.0,29.0,Tier 1,14800.0,Asada Tacos Recipe,seo_target,
3,not_started,powdered sugar frosting,recipe_or_dish,14800.0,29.0,Tier 1,14800.0,Powdered Sugar Frosting Recipe,seo_target,
3,not_started,yakamein,ingredient_hub,14800.0,25.0,Tier 1,14800.0,Yakamein Recipe,seo_target,
3,not_started,Freekeh,ingredient_hub,14800.0,28.0,Tier 1,14800.0,Freekeh Recipe,seo_target,
3,not_started,how to make matcha,howto_technique,14800.0,16.0,Tier 1,14800.0,Matcha Recipe,seo_target,
3,not_started,Campanelle Pasta,ingredient_hub,14800.0,25.0,Tier 1,14800.0,Campanelle Pasta Recipe,seo_target,
3,not_started,rib tips,ingredient_hub,14800.0,27.0,Tier 1,14800.0,Rib Tip Recipe,seo_target,
3,not_started,Dubai Chocolate Bar Recipe,recipe_or_dish,14800.0,24.0,Tier 1,116760.0,Dubai Chocolate Bar Recipe,seo_target,trend_2026
3,not_started,low fat yogurt,recipe_or_dish,14800.0,18.0,Tier 1,14800.0,Low Fat Yogurt Recipe,seo_target,
3,not_started,pickled ginger,ingredient_hub,14800.0,26.0,Tier 1,14800.0,Pickled Ginger Recipe,seo_target,
3,not_started,capellini pasta,ingredient_hub,14800.0,24.0,Tier 1,14800.0,Capellini Pasta Recipe,seo_target,
3,not_started,tagliolini,ingredient_hub,14800.0,19.0,Tier 1,14800.0,Tagliolini Recipe,seo_target,
3,not_started,salsa roja,ingredient_hub,14800.0,26.0,Tier 1,14800.0,Salsa Roja Recipe,seo_target,
3,not_started,classic chili recipe,recipe_or_dish,14800.0,26.0,Tier 1,14800.0,Classic Chili Recipe,seo_target,
3,not_started,farofa,ingredient_hub,14800.0,29.0,Tier 1,14800.0,Farofa Recipe,seo_target,
3,not_started,easy meals under 30 minutes,recipe_or_dish,14800.0,25.0,Tier 1,14800.0,Meal Under 30 Minute Recipe,seo_target,
3,not_started,beef cuts best,recipe_or_dish,14800.0,28.0,Tier 1,14800.0,Beef Cut Recipe,seo_target,
3,not_started,wine eiswein,ingredient_hub,14800.0,22.0,Tier 1,14800.0,Wine Eiswein Recipe,seo_target,
3,not_started,poached eggs trick,recipe_or_dish,14800.0,19.0,Tier 1,14800.0,Poached Egg Trick Recipe,seo_target,
3,not_started,overnight oats with chia seeds,recipe_or_dish,14800.0,27.0,Tier 1,14800.0,Overnight Oats Chia Seed Recipe,seo_target,
3,not_started,fireball whiskey and,recipe_or_dish,14800.0,27.0,Tier 1,14800.0,Fireball Whiskey Recipe,seo_target,
3,not_started,how to make self rising flour,howto_technique,14800.0,29.0,Tier 1,14800.0,how to make self rising flour,seo_target,allrecipes_mobile_find
3,not_started,deli meat,ingredient_hub,14800.0,25.0,Tier 1,14800.0,Deli Meat Recipe,seo_target,
3,not_started,pickled garlic,ingredient_hub,14800.0,25.0,Tier 1,14800.0,Pickled Garlic Recipe,seo_target,
3,not_started,bundt cake recipes,recipe_or_dish,14800.0,29.0,Tier 1,14800.0,Bundt Cake Recipe,seo_target,
3,not_started,protein waffles,ingredient_hub,14800.0,27.0,Tier 1,14800.0,Protein Waffles Recipe,seo_target,
3,not_started,turkey leg,ingredient_hub,12100.0,24.0,Tier 1,12100.0,Turkey Leg Recipe,seo_target,
3,not_started,leftover chicken recipes,recipe_or_dish,12100.0,26.0,Tier 1,12100.0,Leftover Chicken Recipe,seo_target,
3,not_started,chicken taco soup,recipe_or_dish,12100.0,29.0,Tier 1,12100.0,Chicken Taco Soup Recipe,seo_target,
3,not_started,toddler meals,ingredient_hub,12100.0,29.0,Tier 1,12100.0,Toddler Meal Recipe,seo_target,
3,not_started,top 50 cocktail list,recipe_or_dish,12100.0,28.0,Tier 1,12100.0,Top 50 Cocktail List Recipe,seo_target,
3,not_started,banana pudding ice cream,recipe_or_dish,12100.0,29.0,Tier 1,12100.0,Banana Pudding Ice Cream Recipe,seo_target,
3,not_started,whipped cream cheese,recipe_or_dish,12100.0,24.0,Tier 1,12100.0,Whipped Cream Cheese Recipe,seo_target,
3,not_started,indian tacos,ingredient_hub,12100.0,27.0,Tier 1,12100.0,Indian Tacos Recipe,seo_target,
3,not_started,tinto vino tinto,recipe_or_dish,12100.0,26.0,Tier 1,12100.0,Tinto Vino Tinto Recipe,seo_target,
3,not_started,garnachas,ingredient_hub,12100.0,29.0,Tier 1,12100.0,Garnacha Recipe,seo_target,
3,not_started,tomato bisque with tomato soup,recipe_or_dish,12100.0,29.0,Tier 1,12100.0,Tomato Bisque Tomato Soup Recipe,seo_target,
3,not_started,melba toast,ingredient_hub,12100.0,17.0,Tier 1,12100.0,Melba Toast Recipe,seo_target,
3,not_started,pasta parcels,ingredient_hub,12100.0,22.0,Tier 1,12100.0,Pasta Parcel Recipe,seo_target,
3,not_started,leche evaporada,ingredient_hub,12100.0,27.0,Tier 1,12100.0,Leche Evaporada Recipe,seo_target,
3,not_started,tomato bisque soup recipe,recipe_or_dish,12100.0,27.0,Tier 1,12100.0,Tomato Bisque Soup Recipe,seo_target,
3,not_started,Perilla Oil,ingredient_hub,12100.0,29.0,Tier 1,12100.0,Perilla Oil Recipe,seo_target,
3,not_started,mexican oregano,ingredient_hub,12100.0,29.0,Tier 1,12100.0,Mexican Oregano Recipe,seo_target,
3,not_started,mexican tequila,ingredient_hub,12100.0,9.0,Tier 1,12100.0,Mexican Tequila Recipe,seo_target,
3,not_started,candy bar croissants,recipe_or_dish,12100.0,29.0,Tier 1,12100.0,Candy Bar Croissant Recipe,seo_target,
3,not_started,chocolate covered cherries,recipe_or_dish,12100.0,28.0,Tier 1,12100.0,Chocolate Covered Cherry Recipe,seo_target,
3,not_started,genmaicha,ingredient_hub,12100.0,26.0,Tier 1,12100.0,Genmaicha Recipe,seo_target,
3,not_started,fig jam and,recipe_or_dish,12100.0,27.0,Tier 1,12100.0,fig jam and,seo_target,allrecipes_mobile_find
3,not_started,ideas for lunch for kindergarteners,recipe_or_dish,12100.0,23.0,Tier 1,12100.0,Idea Lunch Kindergartener Recipe,seo_target,
3,not_started,croffle,ingredient_hub,12100.0,28.0,Tier 1,12100.0,Croffle Recipe,seo_target,
3,not_started,mango juice,ingredient_hub,12100.0,28.0,Tier 1,12100.0,Mango Juice Recipe,seo_target,
3,not_started,high protein ice cream,recipe_or_dish,12100.0,29.0,Tier 1,12100.0,High Protein Ice Cream Recipe,seo_target,
3,not_started,drinks containing gin,recipe_or_dish,12100.0,25.0,Tier 1,12100.0,drinks containing gin,seo_target,allrecipes_mobile_find
3,not_started,pumpkin chocolate chip muffins,recipe_or_dish,12100.0,27.0,Tier 1,12100.0,Pumpkin Chocolate Chip Muffin Recipe,seo_target,
3,not_started,dry aged beef,recipe_or_dish,12100.0,24.0,Tier 1,12100.0,Dry Aged Beef Recipe,seo_target,
3,not_started,gluten-free sourdough bread starter,recipe_or_dish,12100.0,28.0,Tier 1,12100.0,Glutenfree Sourdough Bread Starter Recipe,seo_target,
3,not_started,pu pu platter,recipe_or_dish,12100.0,26.0,Tier 1,12100.0,Pu Pu Platter Recipe,seo_target,
3,not_started,hershey's raspberry decadence nuggets,recipe_or_dish,12100.0,28.0,Tier 1,12100.0,hershey's raspberry decadence nuggets,seo_target,brand_news_reactive
3,not_started,pork jowl,ingredient_hub,12100.0,23.0,Tier 1,12100.0,Pork Jowl Recipe,seo_target,
3,not_started,chia seeds in fruit smoothies,recipe_or_dish,12100.0,26.0,Tier 1,12100.0,Chia Seed Fruit Smoothy Recipe,seo_target,
3,not_started,healthy ground beef recipes,recipe_or_dish,12100.0,21.0,Tier 1,12100.0,Healthy Ground Beef Recipe,seo_target,
3,not_started,little smokies,ingredient_hub,12100.0,29.0,Tier 1,12100.0,little smokies,seo_target,allrecipes_mobile_find
3,not_started,dirt pudding recipe,recipe_or_dish,12100.0,29.0,Tier 1,12100.0,Dirt Pudding Recipe,seo_target,
3,not_started,chicken fillet,ingredient_hub,12100.0,27.0,Tier 1,12100.0,Chicken Fillet Recipe,seo_target,
3,not_started,frying with canola,recipe_or_dish,12100.0,29.0,Tier 1,12100.0,frying with canola,seo_target,allrecipes_mobile_find
3,not_started,bbw baked,ingredient_hub,12100.0,28.0,Tier 1,12100.0,Bbw Baked Recipe,seo_target,
3,not_started,comparison of two vinegars,recipe_or_dish,12100.0,22.0,Tier 1,12100.0,Comparison Two Vinegar Recipe,seo_target,
3,not_started,loaded nachos,ingredient_hub,12100.0,28.0,Tier 1,12100.0,Loaded Nachos Recipe,seo_target,
3,not_started,ranch style beans,recipe_or_dish,12100.0,20.0,Tier 1,12100.0,Ranch Style Beans Recipe,seo_target,
3,not_started,tea cakes,ingredient_hub,12100.0,27.0,Tier 1,12100.0,Tea Cake Recipe,seo_target,
3,not_started,green peas,ingredient_hub,12100.0,20.0,Tier 1,12100.0,Green Pea Recipe,seo_target,
3,not_started,fried pickles recipe,recipe_or_dish,12100.0,26.0,Tier 1,12100.0,Fried Pickles Recipe,seo_target,
3,not_started,crockpot chicken tacos,recipe_or_dish,12100.0,28.0,Tier 1,12100.0,Crockpot Chicken Tacos Recipe,seo_target,
3,not_started,Milk Bread Recipe,recipe_or_dish,12100.0,21.0,Tier 1,12100.0,Milk Bread Recipe,seo_target,
3,not_started,pretzel sticks,ingredient_hub,12100.0,18.0,Tier 1,12100.0,Pretzel Stick Recipe,seo_target,
3,not_started,Steamed Dumplings,ingredient_hub,12100.0,26.0,Tier 1,12100.0,Steamed Dumplings Recipe,seo_target,
3,not_started,low calorie starbucks drinks,recipe_or_dish,12100.0,19.0,Tier 1,12100.0,Low Calorie Starbuck Drink Recipe,seo_target,
3,not_started,cardamom,ingredient_hub,12100.0,19.0,Tier 1,12100.0,Cardamom Recipe,seo_target,
3,not_started,smoked chuck roast,recipe_or_dish,12100.0,25.0,Tier 1,12100.0,smoked chuck roast,seo_target,allrecipes_mobile_find
3,not_started,liver and onions,recipe_or_dish,12100.0,28.0,Tier 1,12100.0,liver and onions,seo_target,allrecipes_mobile_find
3,not_started,thai peanut sauce,recipe_or_dish,12100.0,29.0,Tier 1,12100.0,Thai Peanut Sauce Recipe,seo_target,
3,not_started,lunch ideas for kids,recipe_or_dish,12100.0,26.0,Tier 1,12100.0,Lunch Idea Kid Recipe,seo_target,
3,not_started,smoked pork loin,recipe_or_dish,12100.0,25.0,Tier 1,12100.0,Smoked Pork Loin Recipe,seo_target,
3,not_started,vegan chocolate cake,recipe_or_dish,12100.0,19.0,Tier 1,12100.0,Vegan Chocolate Cake Recipe,seo_target,
3,not_started,Breakfast Recipes Using Egg,recipe_or_dish,12100.0,27.0,Tier 1,12100.0,Breakfast Egg Recipe,seo_target,
3,not_started,gazpachera,ingredient_hub,12100.0,14.0,Tier 1,12100.0,Gazpachera Recipe,seo_target,
3,not_started,high protein meal prep,recipe_or_dish,12100.0,25.0,Tier 1,12100.0,High Protein Meal Prep Recipe,seo_target,
3,not_started,dried lima beans,recipe_or_dish,12100.0,14.0,Tier 1,12100.0,Dried Lima Beans Recipe,seo_target,
3,not_started,drive thru coffee,recipe_or_dish,12100.0,27.0,Tier 1,12100.0,drive thru coffee,seo_target,allrecipes_mobile_find
3,not_started,melting chocolate,ingredient_hub,12100.0,22.0,Tier 1,12100.0,melting chocolate,seo_target,allrecipes_mobile_find
3,not_started,choco la cake,recipe_or_dish,12100.0,24.0,Tier 1,12100.0,Choco La Cake Recipe,seo_target,
3,not_started,how to cook artichokes,howto_technique,12100.0,26.0,Tier 1,12100.0,Artichoke Recipe,seo_target,
3,not_started,canned beans,ingredient_hub,12100.0,28.0,Tier 1,12100.0,Canned Beans Recipe,seo_target,
3,not_started,egg roll wrappers,recipe_or_dish,12100.0,26.0,Tier 1,12100.0,Egg Roll Wrapper Recipe,seo_target,
3,not_started,can you freeze milk,recipe_or_dish,12100.0,21.0,Tier 1,12100.0,Freeze Milk Recipe,seo_target,
3,not_started,pizza bites,ingredient_hub,12100.0,23.0,Tier 1,12100.0,Pizza Bite Recipe,seo_target,
3,not_started,no bake chocolate oatmeal cookies,recipe_or_dish,12100.0,27.0,Tier 1,12100.0,No-Bake Chocolate Oatmeal Cookies Recipe,seo_target,
3,not_started,caramel candy,ingredient_hub,12100.0,29.0,Tier 1,12100.0,Caramel Candy Recipe,seo_target,
3,not_started,crouton recipe,recipe_or_dish,12100.0,26.0,Tier 1,12100.0,Crouton Recipe,seo_target,
3,not_started,snacking on frozen fruit,recipe_or_dish,12100.0,29.0,Tier 1,12100.0,Snacking Frozen Fruit Recipe,seo_target,
3,not_started,no bake oatmeal cookies,recipe_or_dish,12100.0,25.0,Tier 1,12100.0,No-Bake Oatmeal Cookies Recipe,seo_target,
3,not_started,mint tea,ingredient_hub,12100.0,21.0,Tier 1,12100.0,Mint Tea Recipe,seo_target,
3,not_started,pancit canton,ingredient_hub,12100.0,27.0,Tier 1,12100.0,Pancit Canton Recipe,seo_target,
3,not_started,ancho chile,ingredient_hub,12100.0,26.0,Tier 1,12100.0,"Ancho Chile: Uses, Substitutes & Recipes",seo_target,cuisine_specialty
3,not_started,acai bowl recipe,recipe_or_dish,12100.0,19.0,Tier 1,12100.0,Acai Bowl Recipe,seo_target,
3,not_started,chocolate chunk muffins recipe,recipe_or_dish,12100.0,27.0,Tier 1,12100.0,Chocolate Chunk Muffin Recipe,seo_target,
3,not_started,bacon bits,ingredient_hub,12100.0,28.0,Tier 1,12100.0,Bacon Bit Recipe,seo_target,
3,not_started,chocolate flan cake,recipe_or_dish,12100.0,14.0,Tier 1,12100.0,Chocolate Flan Cake Recipe,seo_target,
3,not_started,Smoking a Turkey,recipe_or_dish,12100.0,26.0,Tier 1,12100.0,Smoking Turkey Recipe,seo_target,
3,not_started,candy crescent,ingredient_hub,12100.0,23.0,Tier 1,12100.0,Candy Crescent Recipe,seo_target,
3,not_started,flour glutinous,ingredient_hub,12100.0,19.0,Tier 1,12100.0,Flour Glutinous Recipe,seo_target,
3,not_started,how much minced garlic equals a clove,howto_technique,12100.0,29.0,Tier 1,12100.0,How Much Minced Garlic Equal Clove Recipe,seo_target,
3,not_started,horseradish sauce for prime rib,recipe_or_dish,12100.0,22.0,Tier 1,12100.0,Horseradish Sauce Prime Rib Recipe,seo_target,
3,not_started,souse meat,ingredient_hub,12100.0,18.0,Tier 1,12100.0,Souse Meat Recipe,seo_target,
3,not_started,fresh mozzarella cheese,recipe_or_dish,12100.0,26.0,Tier 1,12100.0,Fresh Mozzarella Cheese Recipe,seo_target,
3,not_started,Cold Smoked Salmon,recipe_or_dish,12100.0,17.0,Tier 1,12100.0,Cold Smoked Salmon Recipe,seo_target,
3,not_started,how to ripen bananas fast,howto_technique,12100.0,29.0,Tier 1,12100.0,Ripen Banana Fast Recipe,seo_target,
3,not_started,olive oil for steak marinade,recipe_or_dish,12100.0,29.0,Tier 1,12100.0,Olive Oil Steak Marinade Recipe,seo_target,
3,not_started,coulis,ingredient_hub,12100.0,25.0,Tier 1,12100.0,Coulis Recipe,seo_target,
3,not_started,mudslide drink,ingredient_hub,12100.0,25.0,Tier 1,12100.0,Mudslide Drink Recipe,seo_target,
3,not_started,Homemade Marshmallows,ingredient_hub,12100.0,26.0,Tier 1,12100.0,Marshmallow Recipe,seo_target,
3,not_started,crockpot ham recipes slow cooker,recipe_or_dish,12100.0,28.0,Tier 1,12100.0,Crockpot Ham Slow Cooker Recipe,seo_target,
3,not_started,vodka gimlet,ingredient_hub,12100.0,25.0,Tier 1,12100.0,Vodka Gimlet Recipe,seo_target,
3,not_started,pudding cocoa,ingredient_hub,12100.0,29.0,Tier 1,12100.0,Pudding Cocoa Recipe,seo_target,
3,not_started,chicken ranch enchiladas,recipe_or_dish,12100.0,14.0,Tier 1,12100.0,Chicken Ranch Enchiladas Recipe,seo_target,
3,not_started,chorizo recipe,recipe_or_dish,12100.0,25.0,Tier 1,12100.0,Chorizo Recipe,seo_target,
3,not_started,school lunch ideas,recipe_or_dish,12100.0,25.0,Tier 1,12100.0,School Lunch Idea Recipe,seo_target,
3,not_started,ways to cook eggs,recipe_or_dish,12100.0,29.0,Tier 1,12100.0,Way Cook Egg Recipe,seo_target,
3,not_started,gelatina,ingredient_hub,12100.0,15.0,Tier 1,12100.0,Gelatina Recipe,seo_target,
3,not_started,gluten free bagels,recipe_or_dish,12100.0,26.0,Tier 1,12100.0,Gluten Free Bagel Recipe,seo_target,
3,not_started,stuffed mushroom recipe,recipe_or_dish,12100.0,29.0,Tier 1,12100.0,Stuffed Mushroom Recipe,seo_target,
3,not_started,brown sugar light brown sugar,recipe_or_dish,12100.0,25.0,Tier 1,12100.0,Brown Sugar Light Brown Sugar Recipe,seo_target,
3,not_started,potato pave,ingredient_hub,12100.0,14.0,Tier 1,12100.0,Potato Pave Recipe,seo_target,
3,not_started,Chipotle Rice Recipe,recipe_or_dish,12100.0,27.0,Tier 1,12100.0,Chipotle Rice Recipe,seo_target,
3,not_started,salmon seasoning,ingredient_hub,12100.0,26.0,Tier 1,12100.0,Salmon Seasoning Recipe,seo_target,
3,not_started,mango pomelo sago,recipe_or_dish,12100.0,26.0,Tier 1,12100.0,Mango Pomelo Sago Recipe,seo_target,
3,not_started,brazilian cheese bread,recipe_or_dish,12100.0,28.0,Tier 1,12100.0,Brazilian Cheese Bread Recipe,seo_target,
3,not_started,what is brandy,definition,12100.0,28.0,Tier 1,12100.0,What Is Brandy? (And How to Use It),seo_target,
3,not_started,how to thicken chili,howto_technique,12100.0,28.0,Tier 1,12100.0,Thicken Chili Recipe,seo_target,
3,not_started,chocolate liquor,ingredient_hub,12100.0,23.0,Tier 1,12100.0,Chocolate Liquor Recipe,seo_target,
3,not_started,gigi hadid pasta,recipe_or_dish,12100.0,28.0,Tier 1,12100.0,Gigi Hadid Pasta Recipe,seo_target,
3,not_started,el mezcal,ingredient_hub,12100.0,29.0,Tier 1,12100.0,El Mezcal Recipe,seo_target,
3,not_started,non dairy creamer,recipe_or_dish,12100.0,26.0,Tier 1,12100.0,Non Dairy Creamer Recipe,seo_target,
3,not_started,maple syrup,ingredient_hub,12100.0,25.0,Tier 1,12100.0,Maple Syrup Recipe,seo_target,
3,not_started,Morning Eggs Recipes,recipe_or_dish,12100.0,26.0,Tier 1,12100.0,Morning Egg Recipe,seo_target,
3,not_started,gianduja,ingredient_hub,12100.0,23.0,Tier 1,12100.0,Gianduja Recipe,seo_target,
3,not_started,how do i make garlic toast,recipe_or_dish,12100.0,29.0,Tier 1,12100.0,Garlic Toast Recipe,seo_target,
3,not_started,how to open a coconut,howto_technique,12100.0,28.0,Tier 1,12100.0,Open Coconut Recipe,seo_target,
3,not_started,Moong Dal,ingredient_hub,12100.0,27.0,Tier 1,12100.0,Moong Dal Recipe,seo_target,
3,not_started,bomboloni,ingredient_hub,12100.0,22.0,Tier 1,12100.0,Bomboloni Recipe,seo_target,
3,not_started,is a tomato a fruit,recipe_or_dish,12100.0,29.0,Tier 1,12100.0,Tomato Fruit Recipe,seo_target,
3,not_started,empanada dough,ingredient_hub,12100.0,25.0,Tier 1,12100.0,Empanada Dough Recipe,seo_target,
3,not_started,rock shrimp,ingredient_hub,12100.0,22.0,Tier 1,12100.0,Rock Shrimp Recipe,seo_target,
3,not_started,is canola oil bad,recipe_or_dish,12100.0,13.0,Tier 1,12100.0,Canola Oil Bad Recipe,seo_target,
3,not_started,smoked chicken breast,recipe_or_dish,12100.0,19.0,Tier 1,12100.0,Smoked Chicken Breast Recipe,seo_target,
3,not_started,spring roll wrappers,recipe_or_dish,12100.0,29.0,Tier 1,12100.0,Spring Roll Wrapper Recipe,seo_target,
3,not_started,beef sausage,ingredient_hub,12100.0,23.0,Tier 1,12100.0,Beef Sausage Recipe,seo_target,
3,not_started,rice in instant pot,recipe_or_dish,12100.0,22.0,Tier 1,12100.0,Rice Instant Pot Recipe,seo_target,
3,not_started,pancake roll wrappers,recipe_or_dish,12100.0,26.0,Tier 1,12100.0,Pancake Roll Wrapper Recipe,seo_target,
3,not_started,pummelo,ingredient_hub,12100.0,23.0,Tier 1,12100.0,Pummelo Recipe,seo_target,
3,not_started,spatchcock,ingredient_hub,12100.0,19.0,Tier 1,12100.0,Spatchcock Recipe,seo_target,
3,not_started,berenjena,ingredient_hub,12100.0,27.0,Tier 1,12100.0,Berenjena Recipe,seo_target,
3,not_started,bubbelwafel,ingredient_hub,12100.0,10.0,Tier 1,12100.0,Bubbelwafel Recipe,seo_target,
3,not_started,lau lau,ingredient_hub,12100.0,24.0,Tier 1,12100.0,Lau Lau Recipe,seo_target,
3,not_started,loco moco recipe,recipe_or_dish,12100.0,22.0,Tier 1,12100.0,Loco Moco Recipe,seo_target,
3,not_started,sunomono,ingredient_hub,12100.0,27.0,Tier 1,12100.0,Sunomono Recipe,seo_target,
3,not_started,bbq chicken baked,recipe_or_dish,12100.0,26.0,Tier 1,12100.0,Barbecue Chicken Baked Recipe,seo_target,
3,not_started,haricots verts,ingredient_hub,12100.0,20.0,Tier 1,12100.0,Haricot Vert Recipe,seo_target,
3,not_started,sweet corn,ingredient_hub,12100.0,27.0,Tier 1,12100.0,Sweet Corn Recipe,seo_target,
3,not_started,black lentils,ingredient_hub,12100.0,22.0,Tier 1,12100.0,Black Lentils Recipe,seo_target,
3,not_started,mango juice mango,recipe_or_dish,12100.0,24.0,Tier 1,12100.0,Mango Juice Mango Recipe,seo_target,
3,not_started,season cast iron,recipe_or_dish,12100.0,29.0,Tier 1,12100.0,Season Cast Iron Recipe,seo_target,
3,not_started,gluten free banana loaf recipe,recipe_or_dish,12100.0,28.0,Tier 1,12100.0,Gluten Free Banana Loaf Recipe,seo_target,
3,not_started,buffalo mozzarella,ingredient_hub,12100.0,19.0,Tier 1,12100.0,Buffalo Mozzarella Recipe,seo_target,
3,not_started,Pork Schnitzel,ingredient_hub,12100.0,27.0,Tier 1,12100.0,Pork Schnitzel Recipe,seo_target,
3,not_started,toaster french,ingredient_hub,12100.0,26.0,Tier 1,12100.0,Toaster French Recipe,seo_target,
3,not_started,hibiscus hibiscus tea,recipe_or_dish,12100.0,29.0,Tier 1,12100.0,Hibiscus Hibiscus Tea Recipe,seo_target,
3,not_started,gluten free ramen noodles,recipe_or_dish,12100.0,22.0,Tier 1,12100.0,Gluten Free Ramen Noodles Recipe,seo_target,
3,not_started,Meatball Soup,ingredient_hub,12100.0,28.0,Tier 1,12100.0,Meatball Soup Recipe,seo_target,
3,not_started,veggie chips,ingredient_hub,12100.0,21.0,Tier 1,12100.0,Vegetable Chips Recipe,seo_target,
3,not_started,Egg Test,ingredient_hub,12100.0,25.0,Tier 1,12100.0,Egg Test Recipe,seo_target,
3,not_started,smoked gouda,ingredient_hub,12100.0,18.0,Tier 1,12100.0,Smoked Gouda Recipe,seo_target,
3,not_started,protein als veganer,recipe_or_dish,12100.0,18.0,Tier 1,12100.0,Protein Als Veganer Recipe,seo_target,
3,not_started,cake of unicorn,recipe_or_dish,12100.0,29.0,Tier 1,12100.0,Cake Unicorn Recipe,seo_target,
3,not_started,Homemade Coffee Creamer,recipe_or_dish,12100.0,25.0,Tier 1,12100.0,Coffee Creamer Recipe,seo_target,
3,not_started,Brioche French Toast,recipe_or_dish,12100.0,29.0,Tier 1,12100.0,Brioche French Toast Recipe,seo_target,
3,not_started,entrees,ingredient_hub,12100.0,19.0,Tier 1,12100.0,Entree Recipe,seo_target,
3,not_started,picante sauce,ingredient_hub,12100.0,16.0,Tier 1,12100.0,Picante Sauce Recipe,seo_target,
3,not_started,how long to boil broccoli,howto_technique,12100.0,25.0,Tier 1,12100.0,Boil Broccoli Recipe,seo_target,
3,not_started,picaña,recipe_or_dish,12100.0,29.0,Tier 1,12100.0,Picaa Recipe,seo_target,
3,not_started,rainbow sherbet,ingredient_hub,12100.0,22.0,Tier 1,12100.0,Rainbow Sherbet Recipe,seo_target,
3,not_started,anise seed,ingredient_hub,12100.0,28.0,Tier 1,12100.0,Anise Seed Recipe,seo_target,
3,not_started,chicken-livered,recipe_or_dish,12100.0,27.0,Tier 1,12100.0,Chickenlivered Recipe,seo_target,
3,not_started,bolt cutter cocktail,recipe_or_dish,12100.0,21.0,Tier 1,12100.0,Bolt Cutter Cocktail Recipe,seo_target,
3,not_started,streusel,ingredient_hub,12100.0,24.0,Tier 1,12100.0,Streusel Recipe,seo_target,
3,not_started,french press coffee ratio,recipe_or_dish,12100.0,26.0,Tier 1,12100.0,French Press Coffee Ratio Recipe,seo_target,
3,not_started,saffron spice,ingredient_hub,12100.0,25.0,Tier 1,12100.0,Saffron Spice Recipe,seo_target,
3,not_started,gluten grain free,recipe_or_dish,12100.0,25.0,Tier 1,12100.0,Gluten Grain Free Recipe,seo_target,
3,not_started,easy camping meals,recipe_or_dish,12100.0,26.0,Tier 1,12100.0,Camping Meal Recipe,seo_target,
3,not_started,low sodium cottage cheese,recipe_or_dish,12100.0,24.0,Tier 1,12100.0,Low Sodium Cottage Cheese Recipe,seo_target,
3,not_started,cadillac margarita cocktail,recipe_or_dish,12100.0,21.0,Tier 1,12100.0,Cadillac Margarita Cocktail Recipe,seo_target,
3,not_started,essential sauce recipes,recipe_or_dish,12100.0,29.0,Tier 1,12100.0,Essential Sauce Recipe,seo_target,
3,not_started,break cin,ingredient_hub,12100.0,17.0,Tier 1,12100.0,Break Cin Recipe,seo_target,
3,not_started,how to tell if a pineapple is ripe,howto_technique,12100.0,28.0,Tier 1,12100.0,Tell If Pineapple Ripe Recipe,seo_target,
3,not_started,dutch oven pot roast,recipe_or_dish,12100.0,29.0,Tier 1,12100.0,Dutch Oven Pot Roast Recipe,seo_target,
3,not_started,ensalada rusa,ingredient_hub,12100.0,23.0,Tier 1,12100.0,Ensalada Rusa Recipe,seo_target,
3,not_started,chinesische bowl,ingredient_hub,12100.0,29.0,Tier 1,12100.0,Chinesische Bowl Recipe,seo_target,
3,not_started,lemon pepper seasoning,recipe_or_dish,12100.0,29.0,Tier 1,12100.0,Lemon Pepper Seasoning Recipe,seo_target,
3,not_started,nachos french fries,recipe_or_dish,12100.0,27.0,Tier 1,12100.0,Nachos French Fries Recipe,seo_target,
3,not_started,oreo ice cream cake,recipe_or_dish,12100.0,25.0,Tier 1,12100.0,Oreo Ice Cream Cake Recipe,seo_target,
3,not_started,smoked cream cheese,recipe_or_dish,12100.0,26.0,Tier 1,12100.0,Smoked Cream Cheese Recipe,seo_target,
3,not_started,Malt Vinegar,ingredient_hub,12100.0,17.0,Tier 1,12100.0,Malt Vinegar Recipe,seo_target,
3,not_started,parchment paper in air fryer,recipe_or_dish,12100.0,25.0,Tier 1,12100.0,Parchment Paper Air Fryer Recipe,seo_target,
3,not_started,are rice krispies gluten free,recipe_or_dish,12100.0,18.0,Tier 1,12100.0,Are Rice Krispy Gluten Free Recipe,seo_target,
3,not_started,bulgogi sauce,ingredient_hub,12100.0,28.0,Tier 1,12100.0,Bulgogi Sauce Recipe,seo_target,
3,not_started,kombucha,ingredient_hub,12100.0,27.0,Tier 1,12100.0,Kombucha Recipe,seo_target,
3,not_started,Hot Dog Buns,recipe_or_dish,12100.0,18.0,Tier 1,12100.0,Hot Dog Bun Recipe,seo_target,
3,not_started,chow mei fun,recipe_or_dish,12100.0,28.0,Tier 1,12100.0,Chow Mei Fun Recipe,seo_target,
3,not_started,Ricotta Salata,ingredient_hub,12100.0,28.0,Tier 1,12100.0,Ricotta Salata Recipe,seo_target,
3,not_started,Chipotle Vinaigrette,ingredient_hub,12100.0,27.0,Tier 1,12100.0,Chipotle Vinaigrette Recipe,seo_target,
3,not_started,Crab and Coconut,recipe_or_dish,12100.0,24.0,Tier 1,12100.0,Crab Coconut Recipe,seo_target,
3,not_started,protein banana bread,recipe_or_dish,12100.0,27.0,Tier 1,12100.0,Protein Banana Bread Recipe,seo_target,
3,not_started,pappardelle bolognese,ingredient_hub,12100.0,29.0,Tier 1,12100.0,Pappardelle Bolognese Recipe,seo_target,
3,not_started,spanish kidney,ingredient_hub,12100.0,29.0,Tier 1,12100.0,Spanish Kidney Recipe,seo_target,
3,not_started,mansaf,ingredient_hub,12100.0,29.0,Tier 1,12100.0,Mansaf Recipe,seo_target,
3,not_started,beanie weenies,ingredient_hub,12100.0,22.0,Tier 1,12100.0,Beanie Weeny Recipe,seo_target,
3,not_started,neck bones,ingredient_hub,12100.0,22.0,Tier 1,12100.0,Neck Bone Recipe,seo_target,
3,not_started,masgonzola,ingredient_hub,12100.0,19.0,Tier 1,12100.0,Masgonzola Recipe,seo_target,
3,not_started,tasso,ingredient_hub,12100.0,28.0,Tier 1,12100.0,Tasso Recipe,seo_target,
3,not_started,corn chips,ingredient_hub,12100.0,28.0,Tier 1,12100.0,Corn Chips Recipe,seo_target,
3,not_started,canning heating,ingredient_hub,12100.0,28.0,Tier 1,12100.0,Canning Heating Recipe,seo_target,
3,not_started,rootbeer,ingredient_hub,12100.0,29.0,Tier 1,12100.0,Rootbeer Recipe,seo_target,
3,not_started,rice rice wine vinegar,recipe_or_dish,12100.0,18.0,Tier 1,12100.0,Rice Rice Wine Vinegar Recipe,seo_target,
3,not_started,is pho healthy,recipe_or_dish,12100.0,25.0,Tier 1,12100.0,Is Pho Healthy? Complete Guide,seo_target,
3,not_started,how long to bake chicken wings,howto_technique,12100.0,28.0,Tier 1,12100.0,Bake Chicken Wings Recipe,seo_target,
3,not_started,sport peppers,ingredient_hub,12100.0,15.0,Tier 1,12100.0,Sport Pepper Recipe,seo_target,
3,not_started,stuffed grape leaves,recipe_or_dish,12100.0,28.0,Tier 1,12100.0,Stuffed Grape Leave Recipe,seo_target,
3,not_started,high potassium foods to avoid,recipe_or_dish,12100.0,28.0,Tier 1,12100.0,High Potassium Food Avoid Recipe,seo_target,
3,not_started,peach fuzz,ingredient_hub,12100.0,28.0,Tier 1,12100.0,Peach Fuzz Recipe,seo_target,
3,not_started,how to cook steak on stove,howto_technique,12100.0,11.0,Tier 1,12100.0,Steak Stove Recipe,seo_target,
3,not_started,turkish breakfast,ingredient_hub,12100.0,16.0,Tier 1,12100.0,Turkish Breakfast Recipe,seo_target,
3,not_started,green juice recipe,recipe_or_dish,12100.0,24.0,Tier 1,12100.0,Green Juice Recipe,seo_target,
3,not_started,smoothie using frozen fruit,recipe_or_dish,12100.0,28.0,Tier 1,12100.0,Smoothie Frozen Fruit Recipe,seo_target,
3,not_started,wafer cookies,ingredient_hub,12100.0,19.0,Tier 1,12100.0,Wafer Cookies Recipe,seo_target,
3,not_started,kombucha scoby,ingredient_hub,12100.0,29.0,Tier 1,12100.0,Kombucha Scoby Recipe,seo_target,
3,not_started,squid ink pasta,recipe_or_dish,12100.0,13.0,Tier 1,12100.0,Squid Ink Pasta Recipe,seo_target,
3,not_started,pan seared scallops,recipe_or_dish,12100.0,26.0,Tier 1,12100.0,Pan Seared Scallops Recipe,seo_target,
3,not_started,Choux Pastry Recipe,recipe_or_dish,12100.0,26.0,Tier 1,12100.0,Choux Pastry Recipe,seo_target,
3,not_started,beef skirt steak fajitas,recipe_or_dish,12100.0,22.0,Tier 1,12100.0,Beef Skirt Steak Fajitas Recipe,seo_target,
3,not_started,how to wrap a burrito,howto_technique,12100.0,26.0,Tier 1,12100.0,Wrap Burrito Recipe,seo_target,
3,not_started,cafe cubano,ingredient_hub,12100.0,29.0,Tier 1,12100.0,Cafe Cubano Recipe,seo_target,
3,not_started,dirty chai,ingredient_hub,12100.0,19.0,Tier 1,12100.0,Dirty Chai Recipe,seo_target,
3,not_started,chicken leg dishes,recipe_or_dish,12100.0,28.0,Tier 1,12100.0,Chicken Leg Dishe Recipe,seo_target,
3,not_started,crispitos,ingredient_hub,12100.0,14.0,Tier 1,12100.0,Crispito Recipe,seo_target,
3,not_started,hard carbonated water,recipe_or_dish,12100.0,14.0,Tier 1,12100.0,Hard Carbonated Water Recipe,seo_target,
3,not_started,condensed recipe,recipe_or_dish,12100.0,26.0,Tier 1,12100.0,Condensed Recipe,seo_target,
3,not_started,cilantro lime sauce,recipe_or_dish,12100.0,28.0,Tier 1,12100.0,Cilantro Lime Sauce Recipe,seo_target,
3,not_started,tahdig,ingredient_hub,12100.0,27.0,Tier 1,12100.0,Tahdig Recipe,seo_target,
3,not_started,horseradish sauce recipe,recipe_or_dish,12100.0,28.0,Tier 1,12100.0,Horseradish Sauce Recipe,seo_target,
3,not_started,cazuela,ingredient_hub,12100.0,28.0,Tier 1,12100.0,Cazuela Recipe,seo_target,
3,not_started,cracker barrel casserole hashbrown,recipe_or_dish,12100.0,29.0,Tier 1,12100.0,cracker barrel casserole hashbrown,seo_target,allrecipes_mobile_find
3,not_started,small potatoes,ingredient_hub,12100.0,24.0,Tier 1,12100.0,Small Potatoe Recipe,seo_target,
3,not_started,ecuadorian food,ingredient_hub,12100.0,21.0,Tier 1,12100.0,Ecuadorian Food Recipe,seo_target,
3,not_started,worcestershire sauce replacement,recipe_or_dish,12100.0,27.0,Tier 1,12100.0,Worcestershire Sauce Replacement Recipe,seo_target,
3,not_started,ground lamb recipes,recipe_or_dish,12100.0,25.0,Tier 1,12100.0,Ground Lamb Recipe,seo_target,
3,not_started,hamburger patties,ingredient_hub,12100.0,25.0,Tier 1,12100.0,Hamburger Patty Recipe,seo_target,
3,not_started,ermine frosting,ingredient_hub,12100.0,29.0,Tier 1,12100.0,Ermine Frosting Recipe,seo_target,
3,not_started,sand dabs,ingredient_hub,12100.0,12.0,Tier 1,12100.0,Sand Dab Recipe,seo_target,
3,not_started,self rising flour recipe,recipe_or_dish,12100.0,28.0,Tier 1,12100.0,self rising flour recipe,seo_target,allrecipes_mobile_find
3,not_started,vegan marshmallows,ingredient_hub,12100.0,27.0,Tier 1,12100.0,Vegan Marshmallow Recipe,seo_target,
3,not_started,sweet corn corn,recipe_or_dish,12100.0,27.0,Tier 1,12100.0,Sweet Corn Corn Recipe,seo_target,
3,not_started,lavender syrup,ingredient_hub,12100.0,20.0,Tier 1,12100.0,Lavender Syrup Recipe,seo_target,
3,not_started,pickle de gallo,recipe_or_dish,12100.0,29.0,Tier 1,12100.0,Pickle De Gallo Recipe,seo_target,
3,not_started,sauces,ingredient_hub,12100.0,29.0,Tier 1,12100.0,Sauce Recipe,seo_target,
3,not_started,korean corn dogs,recipe_or_dish,12100.0,29.0,Tier 1,12100.0,Korean Corn Dog Recipe,seo_target,
3,not_started,Scrod,ingredient_hub,12100.0,23.0,Tier 1,12100.0,Scrod Recipe,seo_target,
3,not_started,ham steak,ingredient_hub,12100.0,28.0,Tier 1,12100.0,Ham Steak Recipe,seo_target,
3,not_started,dirty spaghetti recipe,recipe_or_dish,12100.0,29.0,Tier 1,12100.0,Dirty Spaghetti Recipe,seo_target,
3,not_started,anaheim peppers,ingredient_hub,12100.0,26.0,Tier 1,12100.0,Anaheim Pepper Recipe,seo_target,
3,not_started,ono fish,ingredient_hub,12100.0,17.0,Tier 1,12100.0,Ono Fish Recipe,seo_target,
3,not_started,mince meat patties,recipe_or_dish,12100.0,25.0,Tier 1,12100.0,Mince Meat Patty Recipe,seo_target,
3,not_started,Skirt Steak Dishes,recipe_or_dish,12100.0,29.0,Tier 1,12100.0,Skirt Steak Dishe Recipe,seo_target,
3,not_started,bacon wrapped smokies,recipe_or_dish,12100.0,27.0,Tier 1,12100.0,Bacon Wrapped Smoky Recipe,seo_target,
3,not_started,beef tongue,ingredient_hub,12100.0,16.0,Tier 1,12100.0,Beef Tongue Recipe,seo_target,
3,not_started,cremasse,ingredient_hub,12100.0,21.0,Tier 1,12100.0,Cremasse Recipe,seo_target,
3,not_started,custard vs ice cream,comparison,12100.0,28.0,Tier 1,12100.0,Custard vs. Ice Cream: What's the Difference?,seo_target,
3,not_started,keju romano,ingredient_hub,12100.0,23.0,Tier 1,12100.0,Keju Romano Recipe,seo_target,
3,not_started,smoked chicken thighs,recipe_or_dish,12100.0,26.0,Tier 1,12100.0,Smoked Chicken Thigh Recipe,seo_target,
3,not_started,canary melon,ingredient_hub,12100.0,27.0,Tier 1,12100.0,Canary Melon Recipe,seo_target,
3,not_started,butter mints,ingredient_hub,12100.0,25.0,Tier 1,12100.0,Butter Mint Recipe,seo_target,
3,not_started,guajillo peppers,ingredient_hub,12100.0,20.0,Tier 1,12100.0,Guajillo Pepper Recipe,seo_target,
3,not_started,shoestring fries,ingredient_hub,12100.0,27.0,Tier 1,12100.0,Shoestring Fries Recipe,seo_target,
3,not_started,green chili,ingredient_hub,12100.0,29.0,Tier 1,12100.0,Green Chili Recipe,seo_target,
3,not_started,Toasted Sesame Oil,recipe_or_dish,12100.0,23.0,Tier 1,12100.0,Toasted Sesame Oil Recipe,seo_target,
3,not_started,Burmese Food,ingredient_hub,12100.0,29.0,Tier 1,12100.0,Burmese Food Recipe,seo_target,
3,not_started,malted milk powder,recipe_or_dish,12100.0,29.0,Tier 1,12100.0,Malted Milk Powder Recipe,seo_target,
3,not_started,Fregola,ingredient_hub,12100.0,23.0,Tier 1,12100.0,Fregola Recipe,seo_target,
3,not_started,nacho chips,ingredient_hub,12100.0,24.0,Tier 1,12100.0,Nacho Chips Recipe,seo_target,
3,not_started,buttercup squash,ingredient_hub,12100.0,13.0,Tier 1,12100.0,Buttercup Squash Recipe,seo_target,
3,not_started,Gallo Pinto Recipe,recipe_or_dish,12100.0,28.0,Tier 1,12100.0,Gallo Pinto Recipe,seo_target,
3,not_started,guisado,ingredient_hub,12100.0,13.0,Tier 1,12100.0,Guisado Recipe,seo_target,
3,not_started,peppermint schnapps,ingredient_hub,12100.0,19.0,Tier 1,12100.0,Peppermint Schnapp Recipe,seo_target,
3,not_started,chipotle aioli,ingredient_hub,12100.0,28.0,Tier 1,12100.0,Chipotle Aioli Recipe,seo_target,
3,not_started,cracker barrel thanksgiving,recipe_or_dish,12100.0,29.0,Tier 1,12100.0,cracker barrel thanksgiving,seo_target,brand_news_reactive
3,not_started,baileys and irish cream,recipe_or_dish,12100.0,28.0,Tier 1,12100.0,Bailey Irish Cream Recipe,seo_target,
3,not_started,rice cooker ratio,recipe_or_dish,12100.0,24.0,Tier 1,12100.0,Rice Cooker Ratio Recipe,seo_target,
3,not_started,bbq baked,ingredient_hub,12100.0,26.0,Tier 1,12100.0,Barbecue Baked Recipe,seo_target,
3,not_started,rocket pop,ingredient_hub,12100.0,18.0,Tier 1,12100.0,Rocket Pop Recipe,seo_target,
3,not_started,dried chickpeas,ingredient_hub,12100.0,26.0,Tier 1,12100.0,Dried Chickpeas Recipe,seo_target,
3,not_started,stewed tomatoes,ingredient_hub,12100.0,28.0,Tier 1,12100.0,Stewed Tomatoe Recipe,seo_target,
3,not_started,double cream,ingredient_hub,12100.0,15.0,Tier 1,12100.0,Double Cream Recipe,seo_target,
3,not_started,chicken leg quarters,recipe_or_dish,12100.0,25.0,Tier 1,12100.0,Chicken Leg Quarter Recipe,seo_target,
3,not_started,napa cabbage recipes,recipe_or_dish,12100.0,26.0,Tier 1,12100.0,Napa Cabbage Recipe,seo_target,
3,not_started,pasta sauces,ingredient_hub,12100.0,27.0,Tier 1,12100.0,pasta sauces,seo_target,allrecipes_mobile_find
3,not_started,tamarindo candy,ingredient_hub,12100.0,15.0,Tier 1,12100.0,Tamarindo Candy Recipe,seo_target,
3,not_started,fresh figs,ingredient_hub,12100.0,10.0,Tier 1,12100.0,Fresh Fig Recipe,seo_target,
3,not_started,gobi manchurian,ingredient_hub,12100.0,28.0,Tier 1,12100.0,Gobi Manchurian Recipe,seo_target,
3,not_started,Caciocavallo,ingredient_hub,12100.0,25.0,Tier 1,12100.0,Caciocavallo Recipe,seo_target,
3,not_started,do potatoes have gluten,recipe_or_dish,12100.0,21.0,Tier 1,12100.0,Potatoe Have Gluten Recipe,seo_target,
3,not_started,what is white chocolate,definition,12100.0,26.0,Tier 1,12100.0,what is white chocolate,seo_target,allrecipes_mobile_find
3,not_started,sake vs soju what is the difference,comparison,12100.0,8.0,Tier 1,12100.0,Sake vs. Soju What is the Difference: What's the Difference?,seo_target,
3,not_started,giblets,ingredient_hub,12100.0,24.0,Tier 1,12100.0,Giblet Recipe,seo_target,
3,not_started,crepe kek,ingredient_hub,12100.0,28.0,Tier 1,12100.0,Crepe Kek Recipe,seo_target,
3,not_started,pork fillet marinade,recipe_or_dish,12100.0,22.0,Tier 1,12100.0,Pork Fillet Marinade Recipe,seo_target,
3,not_started,cinnamon sugar ratio,recipe_or_dish,12100.0,24.0,Tier 1,12100.0,Cinnamon Sugar Ratio Recipe,seo_target,
3,not_started,fra diavolo,ingredient_hub,12100.0,27.0,Tier 1,12100.0,fra diavolo,seo_target,allrecipes_mobile_find
3,not_started,mississippi roast,ingredient_hub,12100.0,22.0,Tier 1,12100.0,Mississippi Roast Recipe,seo_target,
3,not_started,what is porridge,definition,12100.0,29.0,Tier 1,12100.0,What Is Porridge? (And How to Use It),seo_target,
3,not_started,age dry,ingredient_hub,12100.0,25.0,Tier 1,12100.0,Age Dry Recipe,seo_target,
3,not_started,bread bread cheese cheese,recipe_or_dish,12100.0,28.0,Tier 1,12100.0,Bread Bread Cheese Cheese Recipe,seo_target,
3,not_started,creme de cacao,recipe_or_dish,12100.0,24.0,Tier 1,12100.0,Creme De Cacao Recipe,seo_target,
3,not_started,chicken pad thai,recipe_or_dish,12100.0,27.0,Tier 1,12100.0,Chicken Pad Thai Recipe,seo_target,
3,not_started,how to reheat steak,howto_technique,12100.0,14.0,Tier 1,12100.0,Reheat Steak Recipe,seo_target,
3,not_started,parmigiano reggiano cheese,recipe_or_dish,12100.0,26.0,Tier 1,12100.0,Parmigiano Reggiano Cheese Recipe,seo_target,
3,not_started,italian pasta recipes,recipe_or_dish,12100.0,29.0,Tier 1,12100.0,italian pasta recipes,seo_target,allrecipes_mobile_find
3,not_started,rotisserie chicken for buffalo chicken dip,recipe_or_dish,12100.0,25.0,Tier 1,12100.0,rotisserie chicken for buffalo chicken dip,seo_target,allrecipes_mobile_find
3,not_started,sugar free bbq sauce,recipe_or_dish,12100.0,17.0,Tier 1,12100.0,Sugar Free Barbecue Sauce Recipe,seo_target,
3,not_started,cup of noodles,recipe_or_dish,12100.0,29.0,Tier 1,12100.0,cup of noodles,seo_target,allrecipes_mobile_find
3,not_started,Campechana,ingredient_hub,12100.0,9.0,Tier 1,12100.0,Campechana Recipe,seo_target,
3,not_started,azafran,ingredient_hub,12100.0,26.0,Tier 1,12100.0,Azafran Recipe,seo_target,
3,not_started,mediterranean inspired bowls,recipe_or_dish,12100.0,26.0,Tier 1,12100.0,Mediterranean Inspired Bowl Recipe,seo_target,
3,not_started,sesame oil and toasted sesame oil,recipe_or_dish,12100.0,24.0,Tier 1,12100.0,Sesame Oil Toasted Sesame Oil Recipe,seo_target,
3,not_started,fruit leather,ingredient_hub,12100.0,29.0,Tier 1,12100.0,Fruit Leather Recipe,seo_target,
3,not_started,gluten free pretzels,recipe_or_dish,12100.0,26.0,Tier 1,12100.0,Gluten Free Pretzels Recipe,seo_target,
3,not_started,chicken meatball recipe,recipe_or_dish,12100.0,28.0,Tier 1,12100.0,Chicken Meatball Recipe,seo_target,
3,not_started,chitlin,ingredient_hub,12100.0,21.0,Tier 1,12100.0,chitlin,seo_target,allrecipes_mobile_find
3,not_started,egg foo young recipe,recipe_or_dish,12100.0,25.0,Tier 1,12100.0,egg foo young recipe,seo_target,allrecipes_mobile_find
3,not_started,bay breeze drink,recipe_or_dish,12100.0,29.0,Tier 1,12100.0,bay breeze drink,seo_target,allrecipes_mobile_find
3,not_started,oreo cheesecake,ingredient_hub,12100.0,28.0,Tier 1,12100.0,oreo cheesecake,seo_target,allrecipes_mobile_find
3,not_started,yellow rice recipe,recipe_or_dish,12100.0,25.0,Tier 1,12100.0,yellow rice recipe,seo_target,allrecipes_mobile_find
3,not_started,chicken cordon bleu casserole,recipe_or_dish,12100.0,26.0,Tier 1,12100.0,Chicken Cordon Bleu Casserole Recipe,seo_target,
3,not_started,taco toppings,ingredient_hub,12100.0,23.0,Tier 1,12100.0,Taco Topping Recipe,seo_target,
3,not_started,sourdough discard pizza dough,recipe_or_dish,12100.0,26.0,Tier 1,12100.0,Sourdough Discard Pizza Dough Recipe,seo_target,
3,not_started,does coffee dehydrate you,recipe_or_dish,12100.0,28.0,Tier 1,12100.0,Coffee Dehydrate Recipe,seo_target,
3,not_started,how to smoke salmon,howto_technique,12100.0,26.0,Tier 1,12100.0,Smoke Salmon Recipe,seo_target,
3,not_started,Whipped Feta,ingredient_hub,12100.0,28.0,Tier 1,12100.0,Whipped Feta Recipe,seo_target,
3,not_started,pizza burger burger,recipe_or_dish,12100.0,22.0,Tier 1,12100.0,pizza burger burger,seo_target,allrecipes_mobile_find
3,not_started,doughnuts donut,ingredient_hub,12100.0,29.0,Tier 1,12100.0,doughnuts donut,seo_target,allrecipes_mobile_find
3,not_started,canning and preserving,recipe_or_dish,12100.0,28.0,Tier 1,12100.0,Canning Preserving Recipe,seo_target,
3,not_started,hakka noodles,ingredient_hub,12100.0,22.0,Tier 1,12100.0,Hakka Noodles Recipe,seo_target,
3,not_started,roast rib on the bone,recipe_or_dish,12100.0,25.0,Tier 1,12100.0,Roast Rib Bone Recipe,seo_target,
3,not_started,recipe of chhole masala,recipe_or_dish,12100.0,23.0,Tier 1,12100.0,Chhole Masala Recipe,seo_target,
3,not_started,how to cook corn on the cob in the microwave,howto_technique,12100.0,27.0,Tier 1,12100.0,Corn Cob Microwave Recipe,seo_target,
3,not_started,sugar free desserts,recipe_or_dish,12100.0,28.0,Tier 1,12100.0,Sugar Free Dessert Recipe,seo_target,
3,not_started,fruit cups,ingredient_hub,12100.0,21.0,Tier 1,12100.0,Fruit Cup Recipe,seo_target,
3,not_started,london dry gin for negroni,recipe_or_dish,12100.0,10.0,Tier 1,12100.0,London Dry Gin Negroni Recipe,seo_target,
3,not_started,costco party platters,recipe_or_dish,12100.0,28.0,Tier 1,12100.0,costco party platters,seo_target,brand_news_reactive
3,not_started,Taco Meat Recipe,recipe_or_dish,12100.0,17.0,Tier 1,12100.0,Taco Meat Recipe,seo_target,
3,not_started,french beans green,recipe_or_dish,12100.0,23.0,Tier 1,12100.0,French Beans Green Recipe,seo_target,
3,not_started,how to cook a ham,howto_technique,12100.0,29.0,Tier 1,12100.0,Ham Recipe,seo_target,
3,not_started,carlota,ingredient_hub,12100.0,17.0,Tier 1,12100.0,Carlota Recipe,seo_target,
3,not_started,Kasha,ingredient_hub,12100.0,28.0,Tier 1,12100.0,Kasha Recipe,seo_target,
3,not_started,auyama,ingredient_hub,12100.0,23.0,Tier 1,12100.0,Auyama Recipe,seo_target,
3,not_started,high protein snack,recipe_or_dish,12100.0,23.0,Tier 1,12100.0,High Protein Snack Recipe,seo_target,
3,not_started,i can't believe butter,recipe_or_dish,12100.0,21.0,Tier 1,12100.0,i can't believe butter,seo_target,brand_news_reactive
3,not_started,painkiller recipe,recipe_or_dish,12100.0,27.0,Tier 1,12100.0,painkiller recipe,seo_target,allrecipes_mobile_find
3,not_started,gluten free ice cream,recipe_or_dish,12100.0,27.0,Tier 1,12100.0,Gluten Free Ice Cream Recipe,seo_target,
3,not_started,banana ice cream,recipe_or_dish,12100.0,29.0,Tier 1,12100.0,Banana Ice Cream Recipe,seo_target,
3,not_started,sweet potato vs yam,comparison,12100.0,28.0,Tier 1,12100.0,sweet potato vs yam,seo_target,keyword_gap_find
3,not_started,pickled red onions recipe,recipe_or_dish,12100.0,29.0,Tier 1,12100.0,pickled red onions recipe,seo_target,keyword_gap_find
3,not_started,pickled onions recipe,recipe_or_dish,12100.0,29.0,Tier 1,12100.0,pickled onions recipe,seo_target,keyword_gap_find
3,not_started,liquid measuring cup,recipe_or_dish,12100.0,26.0,Tier 1,12100.0,liquid measuring cup,seo_target,keyword_gap_find
3,not_started,beef shank meals,recipe_or_dish,12100.0,19.0,Tier 1,12100.0,beef shank meals,seo_target,keyword_gap_find
3,not_started,german chocolate cake frosting,recipe_or_dish,12100.0,26.0,Tier 1,12100.0,German Chocolate Cake Frosting Recipe,seo_target,
3,not_started,red enchilada sauce,recipe_or_dish,9900.0,25.0,Tier 1,9900.0,Red Enchilada Sauce Recipe,seo_target,
3,not_started,smoked pork belly,recipe_or_dish,9900.0,22.0,Tier 1,9900.0,Smoked Pork Belly Recipe,seo_target,
3,not_started,oaxaca cheese for birria tacos,recipe_or_dish,9900.0,17.0,Tier 1,9900.0,Oaxaca Cheese Birria Tacos Recipe,seo_target,
3,not_started,sorrel drink,ingredient_hub,9900.0,26.0,Tier 1,9900.0,Sorrel Drink Recipe,seo_target,
3,not_started,chicharron prensado,ingredient_hub,9900.0,29.0,Tier 1,9900.0,Chicharron Prensado Recipe,seo_target,
3,not_started,recetas saludables para niños,recipe_or_dish,9900.0,25.0,Tier 1,9900.0,Receta Saludable Para Nio Recipe,seo_target,
3,not_started,cornmeal for hush puppies,recipe_or_dish,9900.0,13.0,Tier 1,9900.0,Cornmeal Hush Puppy Recipe,seo_target,
3,not_started,semolina bread,ingredient_hub,9900.0,27.0,Tier 1,9900.0,Semolina Bread Recipe,seo_target,
3,not_started,sherry wine,ingredient_hub,9900.0,13.0,Tier 1,9900.0,Sherry Wine Recipe,seo_target,
3,not_started,brut champagne,ingredient_hub,9900.0,26.0,Tier 1,9900.0,Brut Champagne Recipe,seo_target,
3,not_started,powdered donuts,ingredient_hub,9900.0,15.0,Tier 1,9900.0,Powdered Donut Recipe,seo_target,
3,not_started,asian desserts,ingredient_hub,9900.0,23.0,Tier 1,9900.0,Asian Dessert Recipe,seo_target,
3,not_started,butterscotch candy,ingredient_hub,9900.0,22.0,Tier 1,9900.0,butterscotch candy,seo_target,allrecipes_mobile_find
3,not_started,tea for sore throat,recipe_or_dish,9900.0,26.0,Tier 1,9900.0,tea for sore throat,seo_target,allrecipes_mobile_find
3,not_started,Iced Matcha Latte,recipe_or_dish,9900.0,27.0,Tier 1,9900.0,Iced Matcha Latte Recipe,seo_target,
3,not_started,chorizo and eggs,recipe_or_dish,9900.0,24.0,Tier 1,9900.0,Chorizo Egg Recipe,seo_target,
3,not_started,steak sides recipes,recipe_or_dish,9900.0,19.0,Tier 1,9900.0,Steak Side Recipe,seo_target,
3,not_started,Bagel Chips,ingredient_hub,9900.0,27.0,Tier 1,9900.0,Bagel Chips Recipe,seo_target,
3,not_started,chicago dog recipe,recipe_or_dish,9900.0,19.0,Tier 1,9900.0,chicago dog recipe,seo_target,allrecipes_mobile_find
3,not_started,jaiba,ingredient_hub,9900.0,18.0,Tier 1,9900.0,Jaiba Recipe,seo_target,
3,not_started,how long to smoke a pork butt,howto_technique,9900.0,25.0,Tier 1,9900.0,Smoke Pork Butt Recipe,seo_target,
3,not_started,french press cold brew,recipe_or_dish,9900.0,28.0,Tier 1,9900.0,French Press Cold Brew Recipe,seo_target,
3,not_started,coco bread,ingredient_hub,9900.0,29.0,Tier 1,9900.0,Coco Bread Recipe,seo_target,
4,not_started,ground turkey recipe,recipe_or_dish,9900.0,25.0,Tier 1,9900.0,ground turkey recipe,seo_target,allrecipes_mobile_find
4,not_started,li hing mui,recipe_or_dish,9900.0,28.0,Tier 1,9900.0,li hing mui,seo_target,allrecipes_mobile_find
4,not_started,irish cream liqueur,recipe_or_dish,9900.0,23.0,Tier 1,9900.0,irish cream liqueur,seo_target,allrecipes_mobile_find
4,not_started,rainbow cake rainbow,recipe_or_dish,9900.0,20.0,Tier 1,9900.0,Rainbow Cake Rainbow Recipe,seo_target,
4,not_started,white zinfandel,ingredient_hub,9900.0,21.0,Tier 1,9900.0,White Zinfandel Recipe,seo_target,
4,not_started,marry me chicken crock pot,recipe_or_dish,9900.0,26.0,Tier 1,9900.0,Marry Chicken Crock Pot Recipe,seo_target,
4,not_started,cherry and tomato,recipe_or_dish,9900.0,24.0,Tier 1,9900.0,Cherry Tomato Recipe,seo_target,
4,not_started,chipotle mayo,ingredient_hub,9900.0,27.0,Tier 1,9900.0,Chipotle Mayo Recipe,seo_target,
4,not_started,nori seaweed,ingredient_hub,9900.0,24.0,Tier 1,9900.0,Nori Seaweed Recipe,seo_target,
4,not_started,smiley fries,ingredient_hub,9900.0,22.0,Tier 1,9900.0,Smiley Fries Recipe,seo_target,
4,not_started,low fat peanut butter,recipe_or_dish,9900.0,29.0,Tier 1,9900.0,Low Fat Peanut Butter Recipe,seo_target,
4,not_started,elephant ears food,recipe_or_dish,9900.0,29.0,Tier 1,9900.0,Elephant Ear Food Recipe,seo_target,
4,not_started,eel sushi,ingredient_hub,9900.0,26.0,Tier 1,9900.0,Eel Sushi Recipe,seo_target,
4,not_started,cold brew cafetiere,recipe_or_dish,9900.0,28.0,Tier 1,9900.0,Cold Brew Cafetiere Recipe,seo_target,
4,not_started,pan seared chicken breast,recipe_or_dish,9900.0,22.0,Tier 1,9900.0,Pan Seared Chicken Breast Recipe,seo_target,
4,not_started,brisket rub,ingredient_hub,9900.0,27.0,Tier 1,9900.0,Brisket Rub Recipe,seo_target,
4,not_started,kings hawaiian sliders,recipe_or_dish,9900.0,29.0,Tier 1,9900.0,King Hawaiian Slider Recipe,seo_target,
4,not_started,soup season,ingredient_hub,9900.0,12.0,Tier 1,9900.0,Soup Season Recipe,seo_target,
4,not_started,flap steak,ingredient_hub,9900.0,25.0,Tier 1,9900.0,Flap Steak Recipe,seo_target,
4,not_started,finger food,ingredient_hub,9900.0,29.0,Tier 1,9900.0,Finger Food Recipe,seo_target,
4,not_started,grumpy old man drink,recipe_or_dish,9900.0,8.0,Tier 1,9900.0,Grumpy Old Man Drink Recipe,seo_target,
4,not_started,morir sonando,ingredient_hub,9900.0,25.0,Tier 1,9900.0,Morir Sonando Recipe,seo_target,
4,not_started,how to make spaghetti squash,howto_technique,9900.0,28.0,Tier 1,9900.0,how to make spaghetti squash,seo_target,allrecipes_mobile_find
4,not_started,spring mix,ingredient_hub,9900.0,25.0,Tier 1,9900.0,Spring Mix Recipe,seo_target,
4,not_started,italian wedding cookies,recipe_or_dish,9900.0,25.0,Tier 1,9900.0,Italian Wedding Cookies Recipe,seo_target,
4,not_started,diced tomatoes,ingredient_hub,9900.0,24.0,Tier 1,9900.0,Diced Tomatoe Recipe,seo_target,
4,not_started,pho ga,ingredient_hub,9900.0,27.0,Tier 1,9900.0,Pho Ga Recipe,seo_target,
4,not_started,airhead bites,ingredient_hub,9900.0,19.0,Tier 1,9900.0,Airhead Bite Recipe,seo_target,
4,not_started,chile pasilla,ingredient_hub,9900.0,24.0,Tier 1,9900.0,Chile Pasilla Recipe,seo_target,
4,not_started,chips and salsa,recipe_or_dish,9900.0,21.0,Tier 1,9900.0,Chips Salsa Recipe,seo_target,
4,not_started,how to thicken soup,howto_technique,9900.0,24.0,Tier 1,9900.0,Thicken Soup Recipe,seo_target,
4,not_started,italian sub recipe,recipe_or_dish,9900.0,25.0,Tier 1,9900.0,Italian Sub Recipe,seo_target,
4,not_started,when is watermelon season,recipe_or_dish,9900.0,20.0,Tier 1,9900.0,When Watermelon Season Recipe,seo_target,
4,not_started,egg in a hole,recipe_or_dish,9900.0,24.0,Tier 1,9900.0,Egg Hole Recipe,seo_target,
4,not_started,little debbie boston creme pies,recipe_or_dish,9900.0,19.0,Tier 1,9900.0,little debbie boston creme pies,seo_target,brand_news_reactive
4,not_started,mini beer shot,recipe_or_dish,9900.0,26.0,Tier 1,9900.0,Mini Beer Shot Recipe,seo_target,
4,not_started,vaca frita,ingredient_hub,9900.0,24.0,Tier 1,9900.0,Vaca Frita Recipe,seo_target,
4,not_started,Steak Sandwich Recipe,recipe_or_dish,9900.0,26.0,Tier 1,9900.0,Steak Sandwich Recipe,seo_target,
4,not_started,minted tea,ingredient_hub,9900.0,17.0,Tier 1,9900.0,Minted Tea Recipe,seo_target,
4,not_started,Chocolate Torte,ingredient_hub,9900.0,23.0,Tier 1,9900.0,Chocolate Torte Recipe,seo_target,
4,not_started,egg wash recipe,recipe_or_dish,9900.0,22.0,Tier 1,9900.0,Egg Wash Recipe,seo_target,
4,not_started,boston baked beans candy,recipe_or_dish,9900.0,9.0,Tier 1,9900.0,Boston Baked Beans Candy Recipe,seo_target,
4,not_started,koobideh,ingredient_hub,9900.0,29.0,Tier 1,9900.0,Koobideh Recipe,seo_target,
4,not_started,sugar free chocolate chips,recipe_or_dish,9900.0,26.0,Tier 1,9900.0,Sugar Free Chocolate Chips Recipe,seo_target,
4,not_started,Tempura Batter Recipe Light and Crispy,recipe_or_dish,9900.0,26.0,Tier 1,9900.0,Tempura Batter Light Crispy Recipe,seo_target,
4,not_started,instant pot pulled pork,recipe_or_dish,9900.0,20.0,Tier 1,9900.0,Instant Pot Pulled Pork Recipe,seo_target,
4,not_started,dijon mustard,ingredient_hub,9900.0,26.0,Tier 1,9900.0,Dijon Mustard Recipe,seo_target,
4,not_started,summer dinner food,recipe_or_dish,9900.0,28.0,Tier 1,9900.0,Summer Dinner Food Recipe,seo_target,
4,not_started,how to thaw chicken fast,howto_technique,9900.0,29.0,Tier 1,9900.0,Thaw Chicken Fast Recipe,seo_target,
4,not_started,pickle chips,ingredient_hub,9900.0,18.0,Tier 1,9900.0,Pickle Chips Recipe,seo_target,
4,not_started,sweet and sour mix,recipe_or_dish,9900.0,29.0,Tier 1,9900.0,Sweet Sour Mix Recipe,seo_target,
4,not_started,jerk sauce,ingredient_hub,9900.0,23.0,Tier 1,9900.0,Jerk Sauce Recipe,seo_target,
4,not_started,super greens panda express,recipe_or_dish,9900.0,21.0,Tier 1,9900.0,Super Greens Panda Express Recipe,seo_target,
4,not_started,hot sauce recipe,recipe_or_dish,9900.0,23.0,Tier 1,9900.0,Hot Sauce Recipe,seo_target,
4,not_started,biko,ingredient_hub,9900.0,22.0,Tier 1,9900.0,Biko Recipe,seo_target,
4,not_started,macaroni hacks,ingredient_hub,9900.0,29.0,Tier 1,9900.0,Macaroni Hack Recipe,seo_target,
4,not_started,gluten free egg noodles,recipe_or_dish,9900.0,16.0,Tier 1,9900.0,Gluten Free Egg Noodles Recipe,seo_target,
4,not_started,beef chuck,ingredient_hub,9900.0,24.0,Tier 1,9900.0,"Beef Chuck: Uses, Substitutes & Recipes",seo_target,proteins
4,not_started,tamarind sauce,ingredient_hub,9900.0,10.0,Tier 1,9900.0,Tamarind Sauce Recipe,seo_target,
4,not_started,katsuobushi,ingredient_hub,9900.0,28.0,Tier 1,9900.0,"Katsuobushi: Uses, Substitutes & Recipes",seo_target,cuisine_specialty
4,not_started,mayocoba beans,ingredient_hub,9900.0,20.0,Tier 1,9900.0,Mayocoba Beans Recipe,seo_target,
4,not_started,poblano pepper recipes,recipe_or_dish,9900.0,20.0,Tier 1,9900.0,Poblano Pepper Recipe,seo_target,
4,not_started,dried dates,ingredient_hub,9900.0,28.0,Tier 1,9900.0,Dried Date Recipe,seo_target,
4,not_started,Quark Cheese,ingredient_hub,9900.0,24.0,Tier 1,9900.0,Quark Cheese Recipe,seo_target,
4,not_started,chicken parm sandwich,recipe_or_dish,9900.0,25.0,Tier 1,9900.0,Chicken Parm Sandwich Recipe,seo_target,
4,not_started,cotija cheese substitute,substitute,9900.0,25.0,Tier 1,9900.0,Best Substitutes for Cotija Cheese,seo_target,
4,not_started,hodge podge,ingredient_hub,9900.0,24.0,Tier 1,9900.0,Hodge Podge Recipe,seo_target,
4,not_started,japanese condiment,ingredient_hub,9900.0,19.0,Tier 1,9900.0,Japanese Condiment Recipe,seo_target,
4,not_started,boneless turkey breast,recipe_or_dish,9900.0,22.0,Tier 1,9900.0,Boneless Turkey Breast Recipe,seo_target,
4,not_started,how to open wine bottle without corkscrew,howto_technique,9900.0,20.0,Tier 1,9900.0,Open Wine Bottle Without Corkscrew Recipe,seo_target,
4,not_started,sun tea,ingredient_hub,9900.0,27.0,Tier 1,9900.0,Sun Tea Recipe,seo_target,
4,not_started,pumpkin cinnamon rolls,recipe_or_dish,9900.0,25.0,Tier 1,9900.0,Pumpkin Cinnamon Roll Recipe,seo_target,
4,not_started,ham and beans recipe,recipe_or_dish,9900.0,25.0,Tier 1,9900.0,Ham Beans Recipe,seo_target,
4,not_started,Sherry Vinegar,ingredient_hub,9900.0,19.0,Tier 1,9900.0,Sherry Vinegar Recipe,seo_target,
4,not_started,burger and fries,recipe_or_dish,9900.0,28.0,Tier 1,9900.0,Burger Fries Recipe,seo_target,
4,not_started,white strawberry,ingredient_hub,9900.0,26.0,Tier 1,9900.0,White Strawberry Recipe,seo_target,
4,not_started,chicken patties,ingredient_hub,9900.0,25.0,Tier 1,9900.0,Chicken Patty Recipe,seo_target,
4,not_started,bibb lettuce,ingredient_hub,9900.0,29.0,Tier 1,9900.0,Bibb Lettuce Recipe,seo_target,
4,not_started,gluten free puff pastry,recipe_or_dish,9900.0,25.0,Tier 1,9900.0,Gluten Free Puff Pastry Recipe,seo_target,
4,not_started,puerto rican pasteles,recipe_or_dish,9900.0,28.0,Tier 1,9900.0,Puerto Rican Pastele Recipe,seo_target,
4,not_started,pistachio paste,ingredient_hub,9900.0,24.0,Tier 1,9900.0,Pistachio Paste Recipe,seo_target,
4,not_started,tortely,ingredient_hub,9900.0,25.0,Tier 1,9900.0,Tortely Recipe,seo_target,
4,not_started,irish oats recipes,recipe_or_dish,9900.0,25.0,Tier 1,9900.0,Irish Oats Recipe,seo_target,
4,not_started,entremet,ingredient_hub,9900.0,29.0,Tier 1,9900.0,Entremet Recipe,seo_target,
4,not_started,baby shower food,recipe_or_dish,9900.0,28.0,Tier 1,9900.0,Baby Shower Food Recipe,seo_target,
4,not_started,mexican chorizo,ingredient_hub,9900.0,24.0,Tier 1,9900.0,Mexican Chorizo Recipe,seo_target,
4,not_started,shiitake,ingredient_hub,9900.0,28.0,Tier 1,9900.0,Shiitake Recipe,seo_target,
4,not_started,what is evoo,definition,9900.0,12.0,Tier 1,9900.0,What Is Evoo? (And How to Use It),seo_target,
4,not_started,butter chicken vs tikka masala,comparison,9900.0,8.0,Tier 1,9900.0,Butter Chicken vs. Tikka Masala: What's the Difference?,seo_target,
4,not_started,gluten free granola,recipe_or_dish,9900.0,25.0,Tier 1,9900.0,Gluten Free Granola Recipe,seo_target,
4,not_started,gruyere cheese substitute,substitute,9900.0,23.0,Tier 1,9900.0,Best Substitutes for Gruyere Cheese,seo_target,
4,not_started,scungilli,ingredient_hub,9900.0,27.0,Tier 1,9900.0,Scungilli Recipe,seo_target,
4,not_started,healthy protein snacks,recipe_or_dish,9900.0,29.0,Tier 1,9900.0,Healthy Protein Snack Recipe,seo_target,
4,not_started,what is the moonshine,definition,9900.0,20.0,Tier 1,9900.0,What Is Moonshine? (And How to Use It),seo_target,
4,not_started,hondashi,ingredient_hub,9900.0,29.0,Tier 1,9900.0,Hondashi Recipe,seo_target,
4,not_started,country ribs recipe,recipe_or_dish,9900.0,25.0,Tier 1,9900.0,Country Ribs Recipe,seo_target,
4,not_started,queso cotija,ingredient_hub,9900.0,19.0,Tier 1,9900.0,Queso Cotija Recipe,seo_target,
4,not_started,cajun seafood boil recipe,recipe_or_dish,9900.0,29.0,Tier 1,9900.0,Cajun Seafood Boil Recipe,seo_target,
4,not_started,seafood seasoning,ingredient_hub,9900.0,18.0,Tier 1,9900.0,Seafood Seasoning Recipe,seo_target,
4,not_started,garlic chives,ingredient_hub,9900.0,29.0,Tier 1,9900.0,Garlic Chive Recipe,seo_target,
4,not_started,keto recipes for dinner,recipe_or_dish,9900.0,21.0,Tier 1,9900.0,Keto Dinner Recipe,seo_target,
4,not_started,air fryer corn on the cob,recipe_or_dish,9900.0,26.0,Tier 1,9900.0,Air Fryer Corn Cob Recipe,seo_target,
4,not_started,cinnamon tea,ingredient_hub,9900.0,29.0,Tier 1,9900.0,Cinnamon Tea Recipe,seo_target,
4,not_started,what is bolognese,definition,9900.0,23.0,Tier 1,9900.0,What Is Bolognese? (And How to Use It),seo_target,
4,not_started,dried pinto beans,recipe_or_dish,9900.0,29.0,Tier 1,9900.0,Dried Pinto Beans Recipe,seo_target,
4,not_started,vegan snacks,ingredient_hub,9900.0,18.0,Tier 1,9900.0,Vegan Snack Recipe,seo_target,
4,not_started,curacao drink,ingredient_hub,9900.0,28.0,Tier 1,9900.0,Curacao Drink Recipe,seo_target,
4,not_started,how to cook orzo,howto_technique,9900.0,27.0,Tier 1,9900.0,Orzo Recipe,seo_target,
4,not_started,tortelloni,ingredient_hub,9900.0,21.0,Tier 1,9900.0,Tortelloni Recipe,seo_target,
4,not_started,frozen burritos,ingredient_hub,9900.0,28.0,Tier 1,9900.0,Frozen Burritos Recipe,seo_target,
4,not_started,pork sausage,ingredient_hub,9900.0,18.0,Tier 1,9900.0,Pork Sausage Recipe,seo_target,
4,not_started,hojicha latte,ingredient_hub,9900.0,13.0,Tier 1,9900.0,Hojicha Latte Recipe,seo_target,
4,not_started,ham and cheese croissant,recipe_or_dish,9900.0,29.0,Tier 1,9900.0,Ham Cheese Croissant Recipe,seo_target,
4,not_started,raclette,ingredient_hub,9900.0,24.0,Tier 1,9900.0,Raclette Recipe,seo_target,
4,not_started,baked chips,ingredient_hub,9900.0,29.0,Tier 1,9900.0,Baked Chips Recipe,seo_target,
4,not_started,kid friendly dinner ideas,recipe_or_dish,9900.0,26.0,Tier 1,9900.0,Kid Friendly Dinner Idea Recipe,seo_target,
4,not_started,pizza base gluten free,recipe_or_dish,9900.0,29.0,Tier 1,9900.0,Pizza Base Gluten Free Recipe,seo_target,
4,not_started,peanuts honey,ingredient_hub,9900.0,19.0,Tier 1,9900.0,Peanut Honey Recipe,seo_target,
4,not_started,aji amarillo paste,recipe_or_dish,9900.0,19.0,Tier 1,9900.0,Aji Amarillo Paste Recipe,seo_target,
4,not_started,dairy free butter,recipe_or_dish,9900.0,19.0,Tier 1,9900.0,Dairy Free Butter Recipe,seo_target,
4,not_started,frosted cookies,ingredient_hub,9900.0,27.0,Tier 1,9900.0,Frosted Cookies Recipe,seo_target,
4,not_started,riblets,ingredient_hub,9900.0,20.0,Tier 1,9900.0,Riblet Recipe,seo_target,
4,not_started,frutti di mare,recipe_or_dish,9900.0,17.0,Tier 1,9900.0,Frutti Di Mare Recipe,seo_target,
4,not_started,duxelles,ingredient_hub,9900.0,27.0,Tier 1,9900.0,Duxelle Recipe,seo_target,
4,not_started,spiral pasta,ingredient_hub,9900.0,27.0,Tier 1,9900.0,Spiral Pasta Recipe,seo_target,
4,not_started,beef tendon,ingredient_hub,9900.0,13.0,Tier 1,9900.0,Beef Tendon Recipe,seo_target,
4,not_started,labne,ingredient_hub,9900.0,21.0,Tier 1,9900.0,Labne Recipe,seo_target,
4,not_started,mango habanero sauce,recipe_or_dish,9900.0,16.0,Tier 1,9900.0,Mango Habanero Sauce Recipe,seo_target,
4,not_started,panela cheese,ingredient_hub,9900.0,26.0,Tier 1,9900.0,Panela Cheese Recipe,seo_target,
4,not_started,gin fizz,ingredient_hub,9900.0,21.0,Tier 1,9900.0,Gin Fizz Recipe,seo_target,
4,not_started,almond flour,ingredient_hub,9900.0,24.0,Tier 1,9900.0,Almond Flour Recipe,seo_target,
4,not_started,how to cork a wine bottle,howto_technique,9900.0,27.0,Tier 1,9900.0,Cork Wine Bottle Recipe,seo_target,
4,not_started,navy bean soup recipe,recipe_or_dish,9900.0,27.0,Tier 1,9900.0,Navy Bean Soup Recipe,seo_target,
4,not_started,turkey day dishes,recipe_or_dish,9900.0,13.0,Tier 1,9900.0,Turkey Day Dishe Recipe,seo_target,
4,not_started,low sugar granola,recipe_or_dish,9900.0,13.0,Tier 1,9900.0,Low Sugar Granola Recipe,seo_target,
4,not_started,greek lemon chicken soup,recipe_or_dish,9900.0,26.0,Tier 1,9900.0,Greek Lemon Chicken Soup Recipe,seo_target,
4,not_started,peanut butter rice krispie treats,recipe_or_dish,9900.0,25.0,Tier 1,9900.0,Peanut Butter Rice Krispie Treat Recipe,seo_target,
4,not_started,meat sauce recipe,recipe_or_dish,9900.0,23.0,Tier 1,9900.0,Meat Sauce Recipe,seo_target,
4,not_started,carne de res,recipe_or_dish,9900.0,28.0,Tier 1,9900.0,Carne De Res Recipe,seo_target,
4,not_started,che thai,ingredient_hub,9900.0,27.0,Tier 1,9900.0,Che Thai Recipe,seo_target,
4,not_started,pepper sous,ingredient_hub,9900.0,24.0,Tier 1,9900.0,Pepper Sous Recipe,seo_target,
4,not_started,irish beer,ingredient_hub,9900.0,18.0,Tier 1,9900.0,Irish Beer Recipe,seo_target,
4,not_started,sweet and saltines,recipe_or_dish,9900.0,26.0,Tier 1,9900.0,Sweet Saltine Recipe,seo_target,
4,not_started,recipes for oriental noodles,recipe_or_dish,9900.0,28.0,Tier 1,9900.0,Oriental Noodles Recipe,seo_target,
4,not_started,gluten free pizza dough,recipe_or_dish,9900.0,25.0,Tier 1,9900.0,Gluten Free Pizza Dough Recipe,seo_target,
4,not_started,ground venison recipes,recipe_or_dish,9900.0,19.0,Tier 1,9900.0,Ground Venison Recipe,seo_target,
4,not_started,Piroshki,ingredient_hub,9900.0,25.0,Tier 1,9900.0,Piroshki Recipe,seo_target,
4,not_started,chocolate chip cookies milk,recipe_or_dish,9900.0,23.0,Tier 1,9900.0,Chocolate Chip Cookies Milk Recipe,seo_target,
4,not_started,how to cook black beans,howto_technique,9900.0,26.0,Tier 1,9900.0,Black Beans Recipe,seo_target,
4,not_started,frozen dinner rolls,recipe_or_dish,9900.0,15.0,Tier 1,9900.0,Frozen Dinner Roll Recipe,seo_target,
4,not_started,jello poke cake,recipe_or_dish,9900.0,27.0,Tier 1,9900.0,Jello Poke Cake Recipe,seo_target,
4,not_started,dairy free desserts,recipe_or_dish,9900.0,16.0,Tier 1,9900.0,Dairy Free Dessert Recipe,seo_target,
4,not_started,lamb vindaloo,ingredient_hub,9900.0,18.0,Tier 1,9900.0,Lamb Vindaloo Recipe,seo_target,
4,not_started,korean grocery store,recipe_or_dish,9900.0,28.0,Tier 1,9900.0,Korean Grocery Store Recipe,seo_target,
4,not_started,clear soup,ingredient_hub,9900.0,27.0,Tier 1,9900.0,Clear Soup Recipe,seo_target,
4,not_started,high protein vegetarian meals,recipe_or_dish,9900.0,27.0,Tier 1,9900.0,High Protein Vegetarian Meal Recipe,seo_target,
4,not_started,semolina pasta,ingredient_hub,9900.0,27.0,Tier 1,9900.0,Semolina Pasta Recipe,seo_target,
4,not_started,i d l i,recipe_or_dish,9900.0,28.0,Tier 1,9900.0,D L Recipe,seo_target,
4,not_started,halloween cocktails,ingredient_hub,9900.0,27.0,Tier 1,9900.0,Halloween Cocktail Recipe,seo_target,
4,not_started,what are tapas,recipe_or_dish,9900.0,27.0,Tier 1,9900.0,What Are Tapas Recipe,seo_target,
4,not_started,how do you keep ginger,recipe_or_dish,9900.0,29.0,Tier 1,9900.0,Keep Ginger Recipe,seo_target,
4,not_started,caramel cake,ingredient_hub,9900.0,26.0,Tier 1,9900.0,Caramel Cake Recipe,seo_target,
4,not_started,how to thicken sauce,howto_technique,9900.0,18.0,Tier 1,9900.0,Thicken Sauce Recipe,seo_target,
4,not_started,blueberry syrup,ingredient_hub,9900.0,17.0,Tier 1,9900.0,Blueberry Syrup Recipe,seo_target,
4,not_started,english muffin for eggs benedict,recipe_or_dish,9900.0,22.0,Tier 1,9900.0,English Muffin Egg Benedict Recipe,seo_target,
4,not_started,red potato salad,recipe_or_dish,9900.0,25.0,Tier 1,9900.0,Red Potato Salad Recipe,seo_target,
4,not_started,What Is Boudin,definition,9900.0,29.0,Tier 1,9900.0,What Is Boudin? (And How to Use It),seo_target,
4,not_started,is couscous gluten free,recipe_or_dish,9900.0,25.0,Tier 1,9900.0,Is Couscous Gluten Free? Complete Guide,seo_target,
4,not_started,kosher dill pickles,recipe_or_dish,9900.0,29.0,Tier 1,9900.0,Kosher Dill Pickles Recipe,seo_target,
4,not_started,black eyed peas new years,recipe_or_dish,9900.0,20.0,Tier 1,9900.0,Black Eyed Pea New Year Recipe,seo_target,
4,not_started,almond croissant,ingredient_hub,9900.0,27.0,Tier 1,9900.0,Almond Croissant Recipe,seo_target,
4,not_started,how to pickle cucumbers,howto_technique,9900.0,25.0,Tier 1,9900.0,Pickle Cucumber Recipe,seo_target,
4,not_started,searing,ingredient_hub,9900.0,28.0,Tier 1,9900.0,Searing Recipe,seo_target,
4,not_started,tamari sauce,ingredient_hub,9900.0,22.0,Tier 1,9900.0,Tamari Sauce Recipe,seo_target,
4,not_started,lumpia wrappers,ingredient_hub,9900.0,28.0,Tier 1,9900.0,Lumpia Wrapper Recipe,seo_target,
4,not_started,veal scallopini,ingredient_hub,9900.0,14.0,Tier 1,9900.0,Veal Scallopini Recipe,seo_target,
4,not_started,crispy burger,ingredient_hub,9900.0,25.0,Tier 1,9900.0,Crispy Burger Recipe,seo_target,
4,not_started,neiman marcus chicken casserole,recipe_or_dish,9900.0,27.0,Tier 1,9900.0,Neiman Marcus Chicken Casserole Recipe,seo_target,
4,not_started,cashew butter,ingredient_hub,9900.0,23.0,Tier 1,9900.0,Cashew Butter Recipe,seo_target,
4,not_started,pastalaya,ingredient_hub,9900.0,21.0,Tier 1,9900.0,Pastalaya Recipe,seo_target,
4,not_started,baby food recipes,recipe_or_dish,9900.0,27.0,Tier 1,9900.0,Baby Food Recipe,seo_target,
4,not_started,pork shank,ingredient_hub,9900.0,17.0,Tier 1,9900.0,Pork Shank Recipe,seo_target,
4,not_started,garlic paste,ingredient_hub,9900.0,25.0,Tier 1,9900.0,Garlic Paste Recipe,seo_target,
4,not_started,frozen fruit,ingredient_hub,9900.0,27.0,Tier 1,9900.0,Frozen Fruit Recipe,seo_target,
4,not_started,how to boil apples for eating,howto_technique,9900.0,26.0,Tier 1,9900.0,Boil Apple Eating Recipe,seo_target,
4,not_started,white rum for pina colada,recipe_or_dish,9900.0,15.0,Tier 1,9900.0,White Rum Pina Colada Recipe,seo_target,
4,not_started,dandelion greens,ingredient_hub,9900.0,28.0,Tier 1,9900.0,Dandelion Greens Recipe,seo_target,
4,not_started,strawberry cake and cheesecake,recipe_or_dish,9900.0,26.0,Tier 1,9900.0,Strawberry Cake Cheesecake Recipe,seo_target,
4,not_started,applesauce muffins,ingredient_hub,9900.0,23.0,Tier 1,9900.0,Applesauce Muffin Recipe,seo_target,
4,not_started,mexican appetizers,ingredient_hub,9900.0,16.0,Tier 1,9900.0,Mexican Appetizer Recipe,seo_target,
4,not_started,Lamb Loin Chops,recipe_or_dish,9900.0,26.0,Tier 1,9900.0,Lamb Loin Chop Recipe,seo_target,
4,not_started,desiccated coconut,ingredient_hub,9900.0,17.0,Tier 1,9900.0,Desiccated Coconut Recipe,seo_target,
4,not_started,ravioli lasagna,ingredient_hub,9900.0,27.0,Tier 1,9900.0,Ravioli Lasagna Recipe,seo_target,
4,not_started,kiss snowball,ingredient_hub,9900.0,21.0,Tier 1,9900.0,Kiss Snowball Recipe,seo_target,
4,not_started,candied sweet potatoes,recipe_or_dish,9900.0,27.0,Tier 1,9900.0,Candied Sweet Potatoe Recipe,seo_target,
4,not_started,frozen yogurt frozen yogurt,recipe_or_dish,9900.0,28.0,Tier 1,9900.0,Frozen Yogurt Frozen Yogurt Recipe,seo_target,
4,not_started,southern comfort manhattan,recipe_or_dish,9900.0,28.0,Tier 1,9900.0,Southern Comfort Manhattan Recipe,seo_target,
4,not_started,healthiest fruits,ingredient_hub,9900.0,22.0,Tier 1,9900.0,Healthiest Fruit Recipe,seo_target,
4,not_started,strawberry compote,ingredient_hub,9900.0,25.0,Tier 1,9900.0,Strawberry Compote Recipe,seo_target,
4,not_started,gold rush cocktail,recipe_or_dish,9900.0,24.0,Tier 1,9900.0,Gold Rush Cocktail Recipe,seo_target,
4,not_started,how to tell if a mango is ripe,howto_technique,9900.0,13.0,Tier 1,9900.0,Tell If Mango Ripe Recipe,seo_target,
4,not_started,beets recipe,recipe_or_dish,9900.0,27.0,Tier 1,9900.0,Beet Recipe,seo_target,
4,not_started,peaches and pie,recipe_or_dish,9900.0,28.0,Tier 1,9900.0,Peache Pie Recipe,seo_target,
4,not_started,pickling spice,ingredient_hub,9900.0,27.0,Tier 1,9900.0,Pickling Spice Recipe,seo_target,
4,not_started,top round roast,recipe_or_dish,9900.0,15.0,Tier 1,9900.0,Top Round Roast Recipe,seo_target,
4,not_started,clark bar,ingredient_hub,9900.0,25.0,Tier 1,9900.0,Clark Bar Recipe,seo_target,
4,not_started,gumdrops,ingredient_hub,9900.0,29.0,Tier 1,9900.0,Gumdrop Recipe,seo_target,
4,not_started,vegan cream cheese,recipe_or_dish,9900.0,26.0,Tier 1,9900.0,Vegan Cream Cheese Recipe,seo_target,
4,not_started,philadelphia no bake cheesecake filling,recipe_or_dish,9900.0,26.0,Tier 1,9900.0,Philadelphia No Bake Cheesecake Filling Recipe,seo_target,
4,not_started,gluten free mac and cheese,recipe_or_dish,9900.0,21.0,Tier 1,9900.0,Gluten Free Macaroni Cheese Recipe,seo_target,
4,not_started,sirloin steak dishes,recipe_or_dish,9900.0,19.0,Tier 1,9900.0,Sirloin Steak Dishe Recipe,seo_target,
4,not_started,recipe for apple crumble using oats,recipe_or_dish,9900.0,25.0,Tier 1,9900.0,Apple Crumble Oats Recipe,seo_target,
4,not_started,cafeteria noodles,ingredient_hub,9900.0,23.0,Tier 1,9900.0,Cafeteria Noodles Recipe,seo_target,
4,not_started,whole grain mustard,recipe_or_dish,9900.0,15.0,Tier 1,9900.0,Whole Grain Mustard Recipe,seo_target,
4,not_started,crockpot pulled pork recipe,recipe_or_dish,9900.0,29.0,Tier 1,9900.0,Crockpot Pulled Pork Recipe,seo_target,
4,not_started,watermelon cake,ingredient_hub,9900.0,29.0,Tier 1,9900.0,Watermelon Cake Recipe,seo_target,
4,not_started,what is room temp,definition,9900.0,29.0,Tier 1,9900.0,What Is Room Temp? (And How to Use It),seo_target,
4,not_started,bionico,ingredient_hub,9900.0,23.0,Tier 1,9900.0,Bionico Recipe,seo_target,
4,not_started,paprika substitute,substitute,9900.0,26.0,Tier 1,9900.0,Best Substitutes for Paprika,seo_target,
4,not_started,how to make honey and mustard sauce,howto_technique,9900.0,24.0,Tier 1,9900.0,Honey Mustard Sauce Recipe,seo_target,
4,not_started,Croissant Bread,ingredient_hub,9900.0,22.0,Tier 1,9900.0,Croissant Bread Recipe,seo_target,
4,not_started,piccata sauce,ingredient_hub,9900.0,19.0,Tier 1,9900.0,Piccata Sauce Recipe,seo_target,
4,not_started,how to make quinoa,howto_technique,9900.0,29.0,Tier 1,9900.0,Quinoa Recipe,seo_target,
4,not_started,ling cod,ingredient_hub,9900.0,25.0,Tier 1,9900.0,ling cod,seo_target,allrecipes_mobile_find
4,not_started,black forest ham,recipe_or_dish,9900.0,13.0,Tier 1,9900.0,Black Forest Ham Recipe,seo_target,
4,not_started,cajun fries,ingredient_hub,9900.0,29.0,Tier 1,9900.0,Cajun Fries Recipe,seo_target,
4,not_started,difference between baking and roasting,recipe_or_dish,9900.0,28.0,Tier 1,9900.0,Baking vs. Roasting: What's the Difference?,seo_target,
4,not_started,bone in pork chop recipes,recipe_or_dish,9900.0,26.0,Tier 1,9900.0,Bone Pork Chop Recipe,seo_target,
4,not_started,gorgonzola sauce,ingredient_hub,9900.0,11.0,Tier 1,9900.0,Gorgonzola Sauce Recipe,seo_target,
4,not_started,plantain vs banana,comparison,9900.0,23.0,Tier 1,9900.0,Plantain vs. Banana: What's the Difference?,seo_target,
4,not_started,can you eat potatoes with sprouts,recipe_or_dish,9900.0,27.0,Tier 1,9900.0,Eat Potatoe Sprout Recipe,seo_target,
4,not_started,golden curry,ingredient_hub,9900.0,23.0,Tier 1,9900.0,Golden Curry Recipe,seo_target,
4,not_started,ham sandwich,ingredient_hub,9900.0,29.0,Tier 1,9900.0,Ham Sandwich Recipe,seo_target,
4,not_started,oshinko roll,ingredient_hub,9900.0,26.0,Tier 1,9900.0,Oshinko Roll Recipe,seo_target,
4,not_started,Sonic Ocean Water,recipe_or_dish,9900.0,22.0,Tier 1,9900.0,Sonic Ocean Water Recipe,seo_target,
4,not_started,million dollar chicken casserole,recipe_or_dish,9900.0,26.0,Tier 1,9900.0,Million Dollar Chicken Casserole Recipe,seo_target,
4,not_started,dubai chocolate cake,recipe_or_dish,9900.0,25.0,Tier 1,9900.0,Dubai Chocolate Cake Recipe,seo_target,
4,not_started,banana chips,ingredient_hub,9900.0,26.0,Tier 1,9900.0,Banana Chips Recipe,seo_target,
4,not_started,cookies and cream cookies,recipe_or_dish,9900.0,18.0,Tier 1,9900.0,Cookies Cream Cookies Recipe,seo_target,
4,not_started,how to cook steak in oven,howto_technique,9900.0,22.0,Tier 1,9900.0,Steak Oven Recipe,seo_target,
4,not_started,raspberry pie,ingredient_hub,9900.0,24.0,Tier 1,9900.0,Raspberry Pie Recipe,seo_target,
4,not_started,spice cake recipe,recipe_or_dish,9900.0,23.0,Tier 1,9900.0,Spice Cake Recipe,seo_target,
4,not_started,Stilton,ingredient_hub,9900.0,23.0,Tier 1,9900.0,Stilton Recipe,seo_target,
4,not_started,snow pea,ingredient_hub,9900.0,29.0,Tier 1,9900.0,Snow Pea Recipe,seo_target,
4,not_started,tuna salad,ingredient_hub,9900.0,27.0,Tier 1,9900.0,Tuna Salad Recipe,seo_target,
4,not_started,compari,ingredient_hub,9900.0,28.0,Tier 1,9900.0,Compari Recipe,seo_target,
4,not_started,yogurt beaten,ingredient_hub,9900.0,13.0,Tier 1,9900.0,Yogurt Beaten Recipe,seo_target,
4,not_started,how to make chicken broth,howto_technique,9900.0,27.0,Tier 1,9900.0,Chicken Broth Recipe,seo_target,
4,not_started,smoked turkey legs,recipe_or_dish,9900.0,26.0,Tier 1,9900.0,Smoked Turkey Leg Recipe,seo_target,
4,not_started,all purpose flour for focaccia,recipe_or_dish,9900.0,13.0,Tier 1,9900.0,All Purpose Flour Focaccia Recipe,seo_target,
4,not_started,kudos bars,ingredient_hub,9900.0,29.0,Tier 1,9900.0,Kudo Bar Recipe,seo_target,
4,not_started,bonet,ingredient_hub,9900.0,23.0,Tier 1,9900.0,Bonet Recipe,seo_target,
4,not_started,taco bake,ingredient_hub,9900.0,27.0,Tier 1,9900.0,Taco Bake Recipe,seo_target,
4,not_started,dall tadaka,ingredient_hub,9900.0,25.0,Tier 1,9900.0,Dall Tadaka Recipe,seo_target,
4,not_started,Whataburger Patty Melt,recipe_or_dish,9900.0,12.0,Tier 1,9900.0,Whataburger Patty Melt Recipe,seo_target,
4,not_started,What Does Ube Taste Like,recipe_or_dish,9900.0,14.0,Tier 1,9900.0,What Ube Taste Like Recipe,seo_target,
4,not_started,pickled ginger recipe,recipe_or_dish,9900.0,29.0,Tier 1,9900.0,pickled ginger recipe,seo_target,allrecipes_mobile_find
4,not_started,how to soften butter quickly,howto_technique,9900.0,27.0,Tier 1,9900.0,Soften Butter Quickly Recipe,seo_target,
4,not_started,coctel de camaron,recipe_or_dish,9900.0,29.0,Tier 1,9900.0,Coctel De Camaron Recipe,seo_target,
4,not_started,creamy pasta recipes,recipe_or_dish,9900.0,28.0,Tier 1,9900.0,Creamy Pasta Recipe,seo_target,
4,not_started,calabrian chili paste,recipe_or_dish,9900.0,17.0,Tier 1,9900.0,Calabrian Chili Paste Recipe,seo_target,
4,not_started,costillas,ingredient_hub,9900.0,29.0,Tier 1,9900.0,Costilla Recipe,seo_target,
4,not_started,cowboy cookies recipe,recipe_or_dish,9900.0,22.0,Tier 1,9900.0,Cowboy Cookies Recipe,seo_target,
4,not_started,how long to grill chicken thighs,howto_technique,9900.0,27.0,Tier 1,9900.0,Grill Chicken Thigh Recipe,seo_target,
4,not_started,honey bun cake,recipe_or_dish,9900.0,22.0,Tier 1,9900.0,Honey Bun Cake Recipe,seo_target,
4,not_started,whipped ricotta,ingredient_hub,9900.0,25.0,Tier 1,9900.0,Whipped Ricotta Recipe,seo_target,
4,not_started,fried chicken wings,recipe_or_dish,9900.0,27.0,Tier 1,9900.0,Fried Chicken Wings Recipe,seo_target,
4,not_started,praline pecans,ingredient_hub,9900.0,24.0,Tier 1,9900.0,praline pecans,seo_target,allrecipes_mobile_find
4,not_started,volcano roll,ingredient_hub,9900.0,16.0,Tier 1,9900.0,Volcano Roll Recipe,seo_target,
4,not_started,celery and celery seeds,recipe_or_dish,9900.0,14.0,Tier 1,9900.0,Celery Celery Seed Recipe,seo_target,
4,not_started,does olive oil go bad,recipe_or_dish,9900.0,28.0,Tier 1,9900.0,Olive Oil Go Bad Recipe,seo_target,
4,not_started,best tequila for margaritas,recipe_or_dish,9900.0,12.0,Tier 1,9900.0,Tequila Margarita Recipe,seo_target,
4,not_started,can you eat mango skin,recipe_or_dish,9900.0,28.0,Tier 1,9900.0,Eat Mango Skin Recipe,seo_target,
4,not_started,cumin powder,ingredient_hub,9900.0,24.0,Tier 1,9900.0,Cumin Powder Recipe,seo_target,
4,not_started,almonds to almond flour,recipe_or_dish,9900.0,24.0,Tier 1,9900.0,Almond Almond Flour Recipe,seo_target,
4,not_started,charro beans recipe,recipe_or_dish,9900.0,29.0,Tier 1,9900.0,Charro Beans Recipe,seo_target,
4,not_started,kalua pork recipe,recipe_or_dish,9900.0,17.0,Tier 1,9900.0,kalua pork recipe,seo_target,allrecipes_mobile_find
4,not_started,little blue menu,recipe_or_dish,9900.0,28.0,Tier 1,9900.0,little blue menu,seo_target,allrecipes_mobile_find
4,not_started,corkscrew pasta,ingredient_hub,9900.0,19.0,Tier 1,9900.0,Corkscrew Pasta Recipe,seo_target,
4,not_started,low sodium soy sauce,recipe_or_dish,9900.0,22.0,Tier 1,9900.0,Low Sodium Soy Sauce Recipe,seo_target,
4,not_started,celery seed,ingredient_hub,9900.0,19.0,Tier 1,9900.0,Celery Seed Recipe,seo_target,
4,not_started,crab boil recipe,recipe_or_dish,9900.0,28.0,Tier 1,9900.0,Crab Boil Recipe,seo_target,
4,not_started,ice cream toppings,recipe_or_dish,9900.0,16.0,Tier 1,9900.0,Ice Cream Topping Recipe,seo_target,
4,not_started,polynesian sauce,ingredient_hub,9900.0,26.0,Tier 1,9900.0,Polynesian Sauce Recipe,seo_target,
4,not_started,how many shots in a fifth,recipe_or_dish,9900.0,14.0,Tier 1,9900.0,How Many Shot Fifth Recipe,seo_target,
4,not_started,gluten free oatmeal,recipe_or_dish,9900.0,28.0,Tier 1,9900.0,Gluten Free Oatmeal Recipe,seo_target,
4,not_started,tacos de lengua,recipe_or_dish,9900.0,24.0,Tier 1,9900.0,Tacos De Lengua Recipe,seo_target,
4,not_started,White Castle Sliders,recipe_or_dish,9900.0,25.0,Tier 1,9900.0,White Castle Slider Recipe,seo_target,
4,not_started,baked potato in oven wrapped in foil,recipe_or_dish,9900.0,28.0,Tier 1,9900.0,Baked Potato Oven Wrapped Foil Recipe,seo_target,
4,not_started,what is the difference between baking and roasting,definition,9900.0,28.0,Tier 1,9900.0,What Is Difference Between Baking Roasting? (And How to Use It),seo_target,
4,not_started,boliche,ingredient_hub,9900.0,29.0,Tier 1,9900.0,Boliche Recipe,seo_target,
4,not_started,mexican salad,ingredient_hub,9900.0,25.0,Tier 1,9900.0,mexican salad,seo_target,allrecipes_mobile_find
4,not_started,mcdonald's new drinks,recipe_or_dish,9900.0,29.0,Tier 1,9900.0,mcdonald's new drinks,seo_target,brand_news_reactive
4,not_started,pearl couscous,ingredient_hub,9900.0,29.0,Tier 1,9900.0,Pearl Couscous Recipe,seo_target,
4,not_started,frozen yogurt,ingredient_hub,9900.0,28.0,Tier 1,9900.0,Frozen Yogurt Recipe,seo_target,
4,not_started,heavy cream for sour cream,recipe_or_dish,9900.0,23.0,Tier 1,9900.0,Heavy Cream Sour Cream Recipe,seo_target,
4,not_started,black pepper sauce,recipe_or_dish,9900.0,24.0,Tier 1,9900.0,Black Pepper Sauce Recipe,seo_target,
4,not_started,gimlet gin drink,recipe_or_dish,9900.0,21.0,Tier 1,9900.0,Gimlet Gin Drink Recipe,seo_target,
4,not_started,brown sauce,ingredient_hub,9900.0,29.0,Tier 1,9900.0,Brown Sauce Recipe,seo_target,
4,not_started,baoding balls,ingredient_hub,9900.0,29.0,Tier 1,9900.0,Baoding Ball Recipe,seo_target,
4,not_started,black sesame paste,recipe_or_dish,9900.0,21.0,Tier 1,9900.0,Black Sesame Paste Recipe,seo_target,
4,not_started,greek cuisine desserts,recipe_or_dish,9900.0,29.0,Tier 1,9900.0,Greek Cuisine Dessert Recipe,seo_target,
4,not_started,apple crumble with oats,recipe_or_dish,9900.0,29.0,Tier 1,9900.0,Apple Crumble Oats Recipe,seo_target,
4,not_started,gluten free biscuits,recipe_or_dish,9900.0,24.0,Tier 1,9900.0,Gluten Free Biscuit Recipe,seo_target,
4,not_started,bratwurst in air fryer,recipe_or_dish,9900.0,22.0,Tier 1,9900.0,bratwurst in air fryer,seo_target,allrecipes_mobile_find
4,not_started,brine turkey,ingredient_hub,9900.0,27.0,Tier 1,9900.0,brine turkey,seo_target,allrecipes_mobile_find
4,not_started,poppi lawsuit,ingredient_hub,9900.0,25.0,Tier 1,9900.0,poppi lawsuit,seo_target,brand_news_reactive
4,not_started,frozen wontons,ingredient_hub,9900.0,22.0,Tier 1,9900.0,Frozen Wonton Recipe,seo_target,
4,not_started,bone in prime rib roast,recipe_or_dish,9900.0,28.0,Tier 1,9900.0,Bone Prime Rib Roast Recipe,seo_target,
4,not_started,good roast,ingredient_hub,9900.0,29.0,Tier 1,9900.0,Good Roast Recipe,seo_target,
4,not_started,Recipes for a Turkey Roast,recipe_or_dish,9900.0,29.0,Tier 1,9900.0,Turkey Roast Recipe,seo_target,
4,not_started,Garlic Noodles Recipe,recipe_or_dish,9900.0,28.0,Tier 1,9900.0,Garlic Noodles Recipe,seo_target,
4,not_started,phyllo pastry dishes,recipe_or_dish,9900.0,17.0,Tier 1,9900.0,Phyllo Pastry Dishe Recipe,seo_target,
4,not_started,amatriciana pasta,ingredient_hub,9900.0,29.0,Tier 1,9900.0,Amatriciana Pasta Recipe,seo_target,
4,not_started,smoked ham hock,recipe_or_dish,9900.0,17.0,Tier 1,9900.0,Smoked Ham Hock Recipe,seo_target,
4,not_started,matilda cake,ingredient_hub,9900.0,28.0,Tier 1,9900.0,Matilda Cake Recipe,seo_target,
4,not_started,strawberry fruit drinks,recipe_or_dish,9900.0,24.0,Tier 1,9900.0,Strawberry Fruit Drink Recipe,seo_target,
4,not_started,stabilized whipped cream,recipe_or_dish,9900.0,24.0,Tier 1,9900.0,Stabilized Whipped Cream Recipe,seo_target,
4,not_started,bagel sandwich,ingredient_hub,9900.0,26.0,Tier 1,9900.0,Bagel Sandwich Recipe,seo_target,
4,not_started,dense bean salad recipe,recipe_or_dish,9900.0,25.0,Tier 1,9900.0,dense bean salad recipe,seo_target,allrecipes_mobile_find
4,not_started,colby jack,ingredient_hub,9900.0,24.0,Tier 1,9900.0,colby jack,seo_target,allrecipes_mobile_find
4,not_started,korean cuisine,ingredient_hub,9900.0,29.0,Tier 1,9900.0,Korean Recipes: Our Best Collection,seo_target,
4,not_started,milanesa de pollo,recipe_or_dish,9900.0,22.0,Tier 1,9900.0,Milanesa De Pollo Recipe,seo_target,
4,not_started,microwave oven sweet potato,recipe_or_dish,9900.0,29.0,Tier 1,9900.0,Microwave Oven Sweet Potato Recipe,seo_target,
4,not_started,in n out sauce,recipe_or_dish,9900.0,19.0,Tier 1,9900.0,N Out Sauce Recipe,seo_target,
4,not_started,puerto rican rice,recipe_or_dish,9900.0,18.0,Tier 1,9900.0,Puerto Rican Rice Recipe,seo_target,
4,not_started,no bake peanut butter cookies,recipe_or_dish,9900.0,26.0,Tier 1,9900.0,No-Bake Peanut Butter Cookies Recipe,seo_target,
4,not_started,smoked meatloaf,ingredient_hub,9900.0,28.0,Tier 1,9900.0,Smoked Meatloaf Recipe,seo_target,
4,not_started,cranberry relish recipe,recipe_or_dish,9900.0,28.0,Tier 1,9900.0,Cranberry Relish Recipe,seo_target,
4,not_started,skirt steak tacos,recipe_or_dish,9900.0,17.0,Tier 1,9900.0,Skirt Steak Tacos Recipe,seo_target,
4,not_started,how to eat pomegranate,howto_technique,9900.0,24.0,Tier 1,9900.0,Eat Pomegranate Recipe,seo_target,
4,not_started,chicken wings resto,recipe_or_dish,9900.0,19.0,Tier 1,9900.0,Chicken Wings Resto Recipe,seo_target,
4,not_started,flavoured italian ice,recipe_or_dish,9900.0,23.0,Tier 1,9900.0,Flavoured Italian Ice Recipe,seo_target,
4,not_started,halibut recipe,recipe_or_dish,9900.0,28.0,Tier 1,9900.0,halibut recipe,seo_target,allrecipes_mobile_find
4,not_started,french's onions,recipe_or_dish,9900.0,27.0,Tier 1,9900.0,french's onions,seo_target,allrecipes_mobile_find
4,not_started,fruit alcohol cocktail,recipe_or_dish,9900.0,27.0,Tier 1,9900.0,Fruit Alcohol Cocktail Recipe,seo_target,
4,not_started,dairy free cream cheese,recipe_or_dish,9900.0,20.0,Tier 1,9900.0,Dairy Free Cream Cheese Recipe,seo_target,
4,not_started,how to use a can opener,howto_technique,9900.0,27.0,Tier 1,9900.0,Use Opener Recipe,seo_target,
4,not_started,salted caramel sauce,recipe_or_dish,9900.0,28.0,Tier 1,9900.0,Salted Caramel Sauce Recipe,seo_target,
4,not_started,boilermaker drink,ingredient_hub,9900.0,26.0,Tier 1,9900.0,Boilermaker Drink Recipe,seo_target,
4,not_started,gin fizz gin,recipe_or_dish,9900.0,21.0,Tier 1,9900.0,Gin Fizz Gin Recipe,seo_target,
4,not_started,mini muffins,ingredient_hub,9900.0,29.0,Tier 1,9900.0,Mini Muffin Recipe,seo_target,
4,not_started,cooking wine,ingredient_hub,9900.0,17.0,Tier 1,9900.0,Cooking Wine Recipe,seo_target,
4,not_started,apple crisp recipe with oats,recipe_or_dish,9900.0,24.0,Tier 1,9900.0,Apple Crisp Oats Recipe,seo_target,
4,not_started,mantecadas,ingredient_hub,9900.0,26.0,Tier 1,9900.0,Mantecada Recipe,seo_target,
4,not_started,steak pizzaiola,ingredient_hub,9900.0,18.0,Tier 1,9900.0,Steak Pizzaiola Recipe,seo_target,
4,not_started,french's green bean casserole,recipe_or_dish,9900.0,29.0,Tier 1,9900.0,french's green bean casserole,seo_target,allrecipes_mobile_find
4,not_started,best donuts,ingredient_hub,9900.0,21.0,Tier 1,9900.0,best donuts,seo_target,allrecipes_mobile_find
4,not_started,long grain white rice,recipe_or_dish,9900.0,25.0,Tier 1,9900.0,Long Grain White Rice Recipe,seo_target,
4,not_started,how to make popcorn on the stove,howto_technique,9900.0,29.0,Tier 1,9900.0,Popcorn Stove Recipe,seo_target,
4,not_started,hamburger potato casserole,recipe_or_dish,9900.0,29.0,Tier 1,9900.0,Hamburger Potato Casserole Recipe,seo_target,
4,not_started,standing rib roast recipe,recipe_or_dish,9900.0,20.0,Tier 1,9900.0,Standing Rib Roast Recipe,seo_target,
4,not_started,congri,ingredient_hub,9900.0,18.0,Tier 1,9900.0,Congri Recipe,seo_target,
4,not_started,candied walnuts,ingredient_hub,9900.0,27.0,Tier 1,9900.0,Candied Walnut Recipe,seo_target,
4,not_started,aloo paratha,ingredient_hub,9900.0,25.0,Tier 1,9900.0,Aloo Paratha Recipe,seo_target,
4,not_started,healthy crockpot meals,recipe_or_dish,9900.0,23.0,Tier 1,9900.0,Healthy Crockpot Meal Recipe,seo_target,
4,not_started,ham and beans,recipe_or_dish,9900.0,29.0,Tier 1,9900.0,ham and beans,seo_target,allrecipes_mobile_find
4,not_started,swai swai fish,recipe_or_dish,9900.0,28.0,Tier 1,9900.0,swai swai fish,seo_target,allrecipes_mobile_find
4,not_started,libby pumpkin pie recipe,recipe_or_dish,9900.0,25.0,Tier 1,9900.0,libby pumpkin pie recipe,seo_target,allrecipes_mobile_find
4,not_started,galangal vs ginger,comparison,9900.0,27.0,Tier 1,9900.0,Galangal vs. Ginger: What's the Difference?,seo_target,
4,not_started,protein pretzels,ingredient_hub,9900.0,26.0,Tier 1,9900.0,Protein Pretzels Recipe,seo_target,
4,not_started,viral mango ice cream,recipe_or_dish,9900.0,28.0,Tier 1,9900.0,Viral Mango Ice Cream Recipe,seo_target,
4,not_started,wagyu burger,ingredient_hub,9900.0,26.0,Tier 1,9900.0,Wagyu Burger Recipe,seo_target,
4,not_started,mexican chicken recipes,recipe_or_dish,9900.0,29.0,Tier 1,9900.0,Mexican Chicken Recipe,seo_target,
4,not_started,chickpeas garbanzo beans recipe,recipe_or_dish,9900.0,25.0,Tier 1,9900.0,Chickpeas Garbanzo Beans Recipe,seo_target,
4,not_started,olive garden salad recipe,recipe_or_dish,9900.0,28.0,Tier 1,9900.0,Olive Garden Salad Recipe,seo_target,
4,not_started,cristalino tequila,ingredient_hub,9900.0,27.0,Tier 1,9900.0,Cristalino Tequila Recipe,seo_target,
4,not_started,hoe cakes,ingredient_hub,9900.0,23.0,Tier 1,9900.0,Hoe Cake Recipe,seo_target,
4,not_started,upper crust bakery bread recall glass,recipe_or_dish,9900.0,25.0,Tier 1,9900.0,upper crust bakery bread recall glass,seo_target,brand_news_reactive
4,not_started,granny smith apple,recipe_or_dish,9900.0,23.0,Tier 1,9900.0,granny smith apple,seo_target,allrecipes_mobile_find
4,not_started,smoked tri tip,recipe_or_dish,9900.0,26.0,Tier 1,9900.0,Smoked Tri Tip Recipe,seo_target,
4,not_started,chinese 5 spice,recipe_or_dish,9900.0,24.0,Tier 1,9900.0,Chinese 5 Spice Recipe,seo_target,
4,not_started,sweet cornbread recipe,recipe_or_dish,9900.0,29.0,Tier 1,9900.0,Sweet Cornbread Recipe,seo_target,
4,not_started,granulated garlic,ingredient_hub,9900.0,21.0,Tier 1,9900.0,Granulated Garlic Recipe,seo_target,
4,not_started,low carb breakfast ideas,recipe_or_dish,9900.0,28.0,Tier 1,9900.0,Low Carb Breakfast Idea Recipe,seo_target,
4,not_started,how to tell if ground beef is bad,howto_technique,9900.0,22.0,Tier 1,9900.0,how to tell if ground beef is bad,seo_target,allrecipes_mobile_find
4,not_started,snow cone syrup,recipe_or_dish,9900.0,25.0,Tier 1,9900.0,snow cone syrup,seo_target,allrecipes_mobile_find
4,not_started,butterfinger marshmallow,ingredient_hub,9900.0,27.0,Tier 1,9900.0,butterfinger marshmallow,seo_target,allrecipes_mobile_find
4,not_started,what do turkeys eat,recipe_or_dish,9900.0,27.0,Tier 1,9900.0,What Turkey Eat Recipe,seo_target,
4,not_started,dried cranberries,ingredient_hub,9900.0,27.0,Tier 1,9900.0,Dried Cranberry Recipe,seo_target,
4,not_started,medicine ball tea,recipe_or_dish,9900.0,18.0,Tier 1,9900.0,Medicine Ball Tea Recipe,seo_target,
4,not_started,thit kho,ingredient_hub,9900.0,29.0,Tier 1,9900.0,Thit Kho Recipe,seo_target,
4,not_started,low fodmap vegetables,recipe_or_dish,9900.0,24.0,Tier 1,9900.0,Low Fodmap Vegetable Recipe,seo_target,
4,not_started,mung bean noodles,recipe_or_dish,9900.0,28.0,Tier 1,9900.0,Mung Bean Noodles Recipe,seo_target,
4,not_started,canned peaches,ingredient_hub,9900.0,25.0,Tier 1,9900.0,Canned Peache Recipe,seo_target,
4,not_started,cheesecake ball,ingredient_hub,9900.0,17.0,Tier 1,9900.0,Cheesecake Ball Recipe,seo_target,
4,not_started,cranberry beans,ingredient_hub,9900.0,21.0,Tier 1,9900.0,Cranberry Beans Recipe,seo_target,
4,not_started,colorado bulldog,ingredient_hub,9900.0,25.0,Tier 1,9900.0,Colorado Bulldog Recipe,seo_target,
4,not_started,kentucky mule,ingredient_hub,9900.0,26.0,Tier 1,9900.0,Kentucky Mule Recipe,seo_target,
4,not_started,ube vs taro,comparison,9900.0,21.0,Tier 1,9900.0,Ube vs. Taro: What's the Difference?,seo_target,
4,not_started,what is durian,definition,9900.0,21.0,Tier 1,9900.0,What Is Durian? (And How to Use It),seo_target,
4,not_started,what is tequila made from,definition,9900.0,28.0,Tier 1,9900.0,What Is Tequila Made From? (And How to Use It),seo_target,
4,not_started,burger temperature,ingredient_hub,9900.0,26.0,Tier 1,9900.0,Burger Temperature Recipe,seo_target,
4,not_started,canned tuna for tuna salad,recipe_or_dish,9900.0,27.0,Tier 1,9900.0,canned tuna for tuna salad,seo_target,allrecipes_mobile_find
4,not_started,brigadeiro recipe,recipe_or_dish,9900.0,29.0,Tier 1,9900.0,Brigadeiro Recipe,seo_target,
4,not_started,cheese stick,ingredient_hub,9900.0,21.0,Tier 1,9900.0,Cheese Stick Recipe,seo_target,
4,not_started,shawarma seasoning,ingredient_hub,9900.0,27.0,Tier 1,9900.0,Shawarma Seasoning Recipe,seo_target,
4,not_started,ginger shot recipe,recipe_or_dish,9900.0,24.0,Tier 1,9900.0,Ginger Shot Recipe,seo_target,
4,not_started,hawaiian bread,ingredient_hub,9900.0,29.0,Tier 1,9900.0,hawaiian bread,seo_target,allrecipes_mobile_find
4,not_started,jalapeno spicy scale,recipe_or_dish,9900.0,24.0,Tier 1,9900.0,jalapeno spicy scale,seo_target,allrecipes_mobile_find
4,not_started,8x8 pan,recipe_or_dish,9900.0,29.0,Tier 1,9900.0,8x8 Pan Recipe,seo_target,
4,not_started,penne noodles,ingredient_hub,9900.0,25.0,Tier 1,9900.0,Penne Noodles Recipe,seo_target,
4,not_started,white american cheese,recipe_or_dish,9900.0,17.0,Tier 1,9900.0,White American Cheese Recipe,seo_target,
4,not_started,what is branzino,definition,9900.0,29.0,Tier 1,9900.0,What Is Branzino? (And How to Use It),seo_target,
4,not_started,chocolate gravy recipe,recipe_or_dish,9900.0,29.0,Tier 1,9900.0,Chocolate Gravy Recipe,seo_target,
4,not_started,chinese donuts,ingredient_hub,9900.0,15.0,Tier 1,9900.0,Chinese Donut Recipe,seo_target,
4,not_started,manhattan clam chowder,recipe_or_dish,9900.0,21.0,Tier 1,9900.0,Manhattan Clam Chowder Recipe,seo_target,
4,not_started,deli sandwich,ingredient_hub,9900.0,29.0,Tier 1,9900.0,Deli Sandwich Recipe,seo_target,
4,not_started,smoked pork chops,recipe_or_dish,9900.0,24.0,Tier 1,9900.0,Smoked Pork Chop Recipe,seo_target,
4,not_started,cacahuate,ingredient_hub,9900.0,25.0,Tier 1,9900.0,Cacahuate Recipe,seo_target,
4,not_started,pizza puff,ingredient_hub,9900.0,23.0,Tier 1,9900.0,Pizza Puff Recipe,seo_target,
4,not_started,seafood boil seasoning,recipe_or_dish,9900.0,22.0,Tier 1,9900.0,seafood boil seasoning,seo_target,allrecipes_mobile_find
4,not_started,salmon nigiri,ingredient_hub,9900.0,27.0,Tier 1,9900.0,Salmon Nigiri Recipe,seo_target,
4,not_started,bowl mixture,ingredient_hub,9900.0,26.0,Tier 1,9900.0,Bowl Mixture Recipe,seo_target,
4,not_started,burger bun recipe,recipe_or_dish,9900.0,29.0,Tier 1,9900.0,Burger Bun Recipe,seo_target,
4,not_started,sugar free popsicles,recipe_or_dish,9900.0,26.0,Tier 1,9900.0,Sugar Free Popsicle Recipe,seo_target,
4,not_started,are oreos vegan,recipe_or_dish,9900.0,26.0,Tier 1,9900.0,are oreos vegan,seo_target,allrecipes_mobile_find
4,not_started,sunshine bowl,ingredient_hub,9900.0,7.0,Tier 1,9900.0,Sunshine Bowl Recipe,seo_target,
4,not_started,chocolate souffle,ingredient_hub,9900.0,27.0,Tier 1,9900.0,Chocolate Souffle Recipe,seo_target,
4,not_started,giblet gravy recipe,recipe_or_dish,9900.0,28.0,Tier 1,9900.0,Giblet Gravy Recipe,seo_target,
4,not_started,egg & chicken,recipe_or_dish,9900.0,27.0,Tier 1,9900.0,Egg Chicken Recipe,seo_target,
4,not_started,do vegetarians eat eggs,recipe_or_dish,9900.0,27.0,Tier 1,9900.0,Vegetarian Eat Egg Recipe,seo_target,
4,not_started,mccormick 4 new bbq sauces,recipe_or_dish,9900.0,29.0,Tier 1,9900.0,mccormick 4 new bbq sauces,seo_target,brand_news_reactive
4,not_started,are oreos are vegan,recipe_or_dish,9900.0,21.0,Tier 1,9900.0,are oreos are vegan,seo_target,allrecipes_mobile_find
4,not_started,baleada,ingredient_hub,9900.0,25.0,Tier 1,9900.0,baleada,seo_target,allrecipes_mobile_find
4,not_started,beer batter recipe,recipe_or_dish,9900.0,22.0,Tier 1,9900.0,Beer Batter Recipe,seo_target,
4,not_started,cream cheese frosting for cinnamon rolls,recipe_or_dish,9900.0,29.0,Tier 1,9900.0,Cream Cheese Frosting Cinnamon Roll Recipe,seo_target,
4,not_started,what are chicken gizzards,recipe_or_dish,9900.0,12.0,Tier 1,9900.0,what are chicken gizzards,seo_target,allrecipes_mobile_find
4,not_started,Taco Bowl Recipe,recipe_or_dish,9900.0,27.0,Tier 1,9900.0,Taco Bowl Recipe,seo_target,
4,not_started,orzo rice,ingredient_hub,9900.0,29.0,Tier 1,9900.0,Orzo Rice Recipe,seo_target,
4,not_started,toddler lunch ideas,recipe_or_dish,9900.0,17.0,Tier 1,9900.0,Toddler Lunch Idea Recipe,seo_target,
4,not_started,garlic knots recipe,recipe_or_dish,9900.0,28.0,Tier 1,9900.0,Garlic Knot Recipe,seo_target,
4,not_started,chicken brine recipe,recipe_or_dish,9900.0,29.0,Tier 1,9900.0,Chicken Brine Recipe,seo_target,
4,not_started,honey roasted peanuts,recipe_or_dish,9900.0,19.0,Tier 1,9900.0,Honey Roasted Peanut Recipe,seo_target,
4,not_started,taco meat,ingredient_hub,9900.0,29.0,Tier 1,9900.0,taco meat,seo_target,allrecipes_mobile_find
4,not_started,dairy free milk alternatives,recipe_or_dish,9900.0,28.0,Tier 1,9900.0,Dairy Free Milk Alternative Recipe,seo_target,
4,not_started,murasaki sweet potato,recipe_or_dish,9900.0,14.0,Tier 1,9900.0,Murasaki Sweet Potato Recipe,seo_target,
4,not_started,protein muffins,ingredient_hub,9900.0,25.0,Tier 1,9900.0,Protein Muffin Recipe,seo_target,
4,not_started,little debbie new donut flavor,recipe_or_dish,9900.0,28.0,Tier 1,9900.0,little debbie new donut flavor,seo_target,brand_news_reactive
4,not_started,pasteles puerto rico,recipe_or_dish,9900.0,29.0,Tier 1,9900.0,pasteles puerto rico,seo_target,allrecipes_mobile_find
4,not_started,Jamon Serrano,ingredient_hub,9900.0,22.0,Tier 1,9900.0,Jamon Serrano Recipe,seo_target,
4,not_started,bourbon old fashioned,recipe_or_dish,9900.0,21.0,Tier 1,9900.0,Bourbon Old Fashioned Recipe,seo_target,
4,not_started,are marshmallows gluten free,recipe_or_dish,9900.0,18.0,Tier 1,9900.0,Are Marshmallow Gluten Free Recipe,seo_target,
4,not_started,beef tallow fries,recipe_or_dish,9900.0,14.0,Tier 1,9900.0,Beef Tallow Fries Recipe,seo_target,
4,not_started,egg beaters,ingredient_hub,9900.0,29.0,Tier 1,9900.0,egg beaters,seo_target,allrecipes_mobile_find
4,not_started,hush puppies,ingredient_hub,9900.0,13.0,Tier 1,9900.0,Hush Puppy Recipe,seo_target,
4,not_started,how to make black food coloring,howto_technique,9900.0,28.0,Tier 1,9900.0,Black Food Coloring Recipe,seo_target,
4,not_started,are corn tortillas gluten free,recipe_or_dish,9900.0,21.0,Tier 1,9900.0,Are Corn Tortilla Gluten Free Recipe,seo_target,
4,not_started,instant pot beef stew recipe,recipe_or_dish,9900.0,28.0,Tier 1,9900.0,instant pot beef stew recipe,seo_target,allrecipes_mobile_find
4,not_started,grapefruit soda,ingredient_hub,9900.0,12.0,Tier 1,9900.0,Grapefruit Soda Recipe,seo_target,
4,not_started,chinola fruit,ingredient_hub,9900.0,11.0,Tier 1,9900.0,Chinola Fruit Recipe,seo_target,
4,not_started,bacon wrapped water chestnuts,recipe_or_dish,9900.0,26.0,Tier 1,9900.0,Bacon Wrapped Water Chestnut Recipe,seo_target,
4,not_started,how to make glutinous rice,howto_technique,9900.0,26.0,Tier 1,9900.0,Glutinous Rice Recipe,seo_target,
4,not_started,protein brownies,ingredient_hub,9900.0,26.0,Tier 1,9900.0,Protein Browny Recipe,seo_target,
4,not_started,turkey seasoning,ingredient_hub,9900.0,26.0,Tier 1,9900.0,Turkey Seasoning Recipe,seo_target,
4,not_started,non dairy ice cream,recipe_or_dish,9900.0,23.0,Tier 1,9900.0,Non Dairy Ice Cream Recipe,seo_target,
4,not_started,aperol spritzer,ingredient_hub,9900.0,25.0,Tier 1,9900.0,Aperol Spritzer Recipe,seo_target,
4,not_started,st louis ribs,recipe_or_dish,9900.0,29.0,Tier 1,9900.0,St Louis Ribs Recipe,seo_target,
4,not_started,spiralized pasta,ingredient_hub,9900.0,29.0,Tier 1,9900.0,Spiralized Pasta Recipe,seo_target,
4,not_started,pangrattato,ingredient_hub,9900.0,20.0,Tier 1,9900.0,Pangrattato Recipe,seo_target,
4,not_started,Coquito Coquito,ingredient_hub,9900.0,28.0,Tier 1,9900.0,Coquito Coquito Recipe,seo_target,
4,not_started,pear juice,ingredient_hub,9900.0,20.0,Tier 1,9900.0,Pear Juice Recipe,seo_target,
4,not_started,kamaboko,ingredient_hub,9900.0,22.0,Tier 1,9900.0,Kamaboko Recipe,seo_target,
4,not_started,juicing a tomato,recipe_or_dish,9900.0,17.0,Tier 1,9900.0,Juicing Tomato Recipe,seo_target,
4,not_started,sopressata,ingredient_hub,9900.0,23.0,Tier 1,9900.0,Sopressata Recipe,seo_target,
4,not_started,ground beef lean,recipe_or_dish,9900.0,23.0,Tier 1,9900.0,Ground Beef Lean Recipe,seo_target,
4,not_started,spanish foods,ingredient_hub,9900.0,29.0,Tier 1,9900.0,Spanish Food Recipe,seo_target,
4,not_started,make ahead mashed potatoes,recipe_or_dish,9900.0,27.0,Tier 1,9900.0,Make Ahead Mashed Potatoe Recipe,seo_target,
4,not_started,tiger shrimp,ingredient_hub,9900.0,17.0,Tier 1,9900.0,Tiger Shrimp Recipe,seo_target,
4,not_started,white chocolate mocha,recipe_or_dish,9900.0,22.0,Tier 1,9900.0,White Chocolate Mocha Recipe,seo_target,
4,not_started,brisket sandwich,ingredient_hub,9900.0,26.0,Tier 1,9900.0,Brisket Sandwich Recipe,seo_target,
4,not_started,turtles candy,ingredient_hub,9900.0,19.0,Tier 1,9900.0,Turtle Candy Recipe,seo_target,
4,not_started,chia seeds for smoothie,recipe_or_dish,9900.0,23.0,Tier 1,9900.0,Chia Seed Smoothie Recipe,seo_target,
4,not_started,mexican cornbread,ingredient_hub,9900.0,25.0,Tier 1,9900.0,Mexican Cornbread Recipe,seo_target,
4,not_started,country style ribs recipe,recipe_or_dish,9900.0,27.0,Tier 1,9900.0,country style ribs recipe,seo_target,allrecipes_mobile_find
4,not_started,purple cabbage,ingredient_hub,9900.0,27.0,Tier 1,9900.0,purple cabbage,seo_target,allrecipes_mobile_find
4,not_started,caramel caramel cake,recipe_or_dish,9900.0,26.0,Tier 1,9900.0,Caramel Caramel Cake Recipe,seo_target,
4,not_started,sub italiani,ingredient_hub,9900.0,29.0,Tier 1,9900.0,Sub Italiani Recipe,seo_target,
4,not_started,is pepperoni pork,recipe_or_dish,9900.0,25.0,Tier 1,9900.0,is pepperoni pork,seo_target,allrecipes_mobile_find
4,not_started,noodle pudding,ingredient_hub,9900.0,13.0,Tier 1,9900.0,Noodle Pudding Recipe,seo_target,
4,not_started,Naengmyeon,ingredient_hub,9900.0,25.0,Tier 1,9900.0,Naengmyeon Recipe,seo_target,
4,not_started,brisket in the oven,recipe_or_dish,9900.0,19.0,Tier 1,9900.0,Brisket Oven Recipe,seo_target,
4,not_started,canned bread,ingredient_hub,9900.0,29.0,Tier 1,9900.0,Canned Bread Recipe,seo_target,
4,not_started,onion soup mix,recipe_or_dish,9900.0,16.0,Tier 1,9900.0,Onion Soup Mix Recipe,seo_target,
4,not_started,cardiologists thanksgiving food avoid,recipe_or_dish,9900.0,24.0,Tier 1,9900.0,Cardiologist Thanksgiving Food Avoid Recipe,seo_target,
4,not_started,chicken stuffing casserole,recipe_or_dish,9900.0,28.0,Tier 1,9900.0,Chicken Stuffing Casserole Recipe,seo_target,
4,not_started,turkey chops,ingredient_hub,9900.0,19.0,Tier 1,9900.0,Turkey Chop Recipe,seo_target,
4,not_started,how to cut watermelon,howto_technique,9900.0,16.0,Tier 1,9900.0,how to cut watermelon,seo_target,keyword_gap_find
4,not_started,swordfish recipes,category_roundup,9900.0,28.0,Tier 1,9900.0,swordfish recipes,seo_target,keyword_gap_find
4,not_started,indian flatbread,ingredient_hub,9900.0,25.0,Tier 1,9900.0,Indian Flatbread Recipe,seo_target,
4,not_started,idaho potatoes,ingredient_hub,9900.0,14.0,Tier 1,9900.0,Idaho Potatoe Recipe,seo_target,
4,not_started,hoja santa,ingredient_hub,9900.0,27.0,Tier 1,9900.0,"Hoja Santa: Uses, Substitutes & Recipes",seo_target,cuisine_specialty
4,not_started,fruity pebbles drink,recipe_or_dish,9900.0,27.0,Tier 1,9900.0,Fruity Pebble Drink Recipe,seo_target,
